sample_id,scale_class,log_area_scale,log_aspect,xi_u,xi_v,rotation_deg,n_strips,log_band_fraction,growth_membrane,growth_curvature,orthotropy,width_mm,height_mm,pitch_mm,band_width_mm,alpha_deg,center_u_mm,center_v_mm,coverage_fraction,centerline_area_fraction,pitch_band_ratio,path_length_mm,growth_top,growth_bottom
zigzag_0000,local,-3.9339057057805453,-1.028863210478873,0.04670169905920783,0.7202509167879565,88.73722268190468,13,-4.4954270799628135,0.00203448820562564,-0.002855082473287863,0.4501278012925374,21.24135117279579,71.31698915900468,1.9310319247996173,2.834618009135718,1.5510042420039802,4.187643729070382,100.50948018263331,0.02478955799967552,0.019567099780324372,0.6812317986325056,927.4083797016316,-0.0008205942676622231,0.004889570678913503
zigzag_0001,medium,-1.3985693111721145,0.631720361868126,0.9849841803563525,0.2990074704597527,45.36599044697147,12,-2.867240431105905,-0.0012761390772863751,0.0021869723576924474,-0.17071238427599345,173.1069812956935,110.44426309172492,17.31069812956935,14.441324244065703,8.90789298367543,16.431218839183135,12.498115931494342,0.6304043070278452,0.24695001995933663,1.1986918815068321,1338.8149781295172,0.0009108332804060723,-0.0034631114349788225
zigzag_0002,local,-5.27933024840511,-0.734620734193165,0.18790719741939138,0.2476866355012352,135.14902924924394,8,-2.9500353963296684,0.0021261102149073906,0.0002510095679825286,0.7864150729809651,12.558010837903792,31.415489476266504,2.093001806317299,13.293814750324364,3.8115978739640304,19.179743865018605,31.56409901585116,0.03215505294936412,0.005095842598748207,0.15744177616633556,251.74178034146288,0.002377119782889919,0.001875100646924862
zigzag_0003,medium,-1.361882344243941,-0.1601539037267054,0.8763097072306667,0.5017248973923261,171.84027990770028,8,-4.278049725978545,-0.00030514196105405024,0.00233694696212356,-0.7532335183881721,118.6663938344297,167.13328427933786,19.777732305738283,3.5229000950583536,6.748716828871017,47.682623933626125,29.73442338184996,0.3492898790351683,0.2561781074350239,5.614048588400485,1344.0630642594651,0.0020318050010695097,-0.00264208892317761
zigzag_0004,local,-3.5710115431609353,-0.030153439644586815,0.821534404926761,0.22430578388767822,77.23938242163399,4,-3.8980384565101662,0.001840988506233036,0.0009972318988123235,0.6982323455651738,41.96146829368819,51.89522447942098,20.980734146844096,5.151540573916671,22.0130042621673,77.2061498269401,27.617675541732105,0.049947073096908046,0.02812738721902389,4.0727106475825785,215.74232306749713,0.0028382204050453595,0.0008437566074207124
zigzag_0005,near_full,-0.32132526456228633,-0.08155252067665536,0.19774118586497574,0.7549904443033035,5.975482718504139,9,-3.3554103712824452,-0.000921195794698935,-0.0018528920582973187,-0.32411373790402964,207.65859778551777,270.36406830988966,29.66551396935968,8.863342011863969,6.26169164835027,0.9477877931122687,1.7173023412500634,0.9478973554416007,0.7251873348835899,3.34698964901175,2444.6351289528893,-0.0027740878529962537,0.0009316962635983837
zigzag_0006,medium,-2.9413526452044976,1.054047693873019,0.37942859027958487,0.884385664692797,20.48887249988222,9,-5.206852180041395,0.001190319315713269,0.0025490870441731003,-0.6132036951659491,98.85773449819688,41.34517195833068,14.12253349974241,1.3916388577460679,18.858954308873606,27.53388284713966,101.56146949672753,0.1056378513987688,0.05279426850495676,10.148131047889542,388.52459745777264,0.003739406359886369,-0.0013587677284598314
zigzag_0007,medium,-2.661136241210052,-1.2184193830535082,0.24865288226694976,0.8835299440840256,112.52414815972134,13,-4.974596879357545,0.0020952871981727325,0.002816145405111164,0.2788144370743233,36.50891418024004,148.16068506917745,3.3189921982036403,1.7554713347353512,1.2832854098832827,12.53977357816313,93.6655244006671,0.18351134600878805,0.06986878882856154,1.8906558782994882,1926.4977782104834,0.004911432603283897,-0.0007208582069384317
zigzag_0008,local,-4.689519514028308,-0.07590865851654925,0.2958541057689106,0.19694517320866833,106.40687981811398,5,-3.377063026124217,0.0015898117261158758,0.0008754493020270192,-0.28803007890012144,23.444130867866118,30.351635258078304,7.814710289288705,8.673489944600378,14.43848547280911,30.693700756405708,25.8950702900509,0.025130062393927552,0.009191101290689223,0.9009879920543056,154.7278584583775,0.002465261028142895,0.0007143624240888565
zigzag_0009,near_full,-0.12870019480407557,-0.036152116618354546,0.5721533233766278,0.17855480472308452,1.102343036420324,14,-4.328366491987048,0.0014919446910455557,0.0006281857261588105,0.5957560017737562,233.9033770064284,291.01702910475416,19.491948083869037,3.350024887894068,3.8318746872604725,3.1832829766977437,0.5287960119187601,0.9376101099034146,0.8792375260139609,5.818448738786025,4082.062916196949,0.002120130417204366,0.0008637589648867452
zigzag_0010,medium,-2.5537909113097594,1.0448845269851057,0.7193196226893104,0.13118805052626734,137.63881943752358,6,-3.398479887098716,0.0022631773057197407,0.000933924330608976,-0.25180836427493536,119.44799338638505,50.41647994496591,29.861998346596263,8.489706077862715,30.63852598971219,43.077964112271225,11.483470200305222,0.22492183972352894,0.07778622567826975,3.517436065833038,335.21932110724384,0.0031971016363287167,0.0013292529751107647
zigzag_0011,medium,-1.0851868700579792,-0.10446427852570118,0.5341178787352091,0.053115004752581144,172.71121970910693,12,-4.481557377180621,4.6264932326869424e-05,-0.0004097016791289572,0.37228606665609165,140.12133036128063,186.66107290773107,14.012133036128064,2.8742072291391763,4.292984779316143,23.53151229311256,2.620014447515997,0.4417090466168501,0.33783864806786007,4.875129703269409,2245.1847479123003,-0.0003634367468020878,0.00045596661145582665
zigzag_0012,medium,-3.282541595308523,-0.4396969945018283,0.11781503718676388,0.7808576156652679,16.309574987839852,4,-3.4702629587204656,0.0015001554938715487,0.0012951219588957083,0.7633913574655995,39.496615003197086,73.56971965947203,19.748307501598543,7.901647707526014,15.025690801904862,10.934988087276315,83.27708105100328,0.08080837779027648,0.037532742437060916,2.4992644866701714,299.48771531773565,0.002795277452767257,0.0002050335349758404
zigzag_0013,near_full,-0.42991529587326693,0.07911201397017777,0.7227644381488534,0.6478352926792391,171.09889178431843,11,-4.556313406623372,-0.0012048630949922628,0.0018624331607499526,0.22408072962272163,213.13646175066796,236.30944857301327,23.681829083407553,2.6671776686434825,5.722808154622996,1.379966331662556,11.437600550026566,0.8708606965199375,0.6505641978618156,8.878984464297819,2610.0570238769515,0.0006575700657576898,-0.0030672962557422153
zigzag_0014,medium,-3.024884876578626,-1.0681971534509735,0.500103338555182,0.0954008695879922,65.75972983091775,4,-5.284132660802811,-0.0005890426248040234,0.0023232763728630347,0.18807180413800084,32.81196554293051,114.5844335604481,16.405982771465254,1.2881429482831785,8.148123873195047,33.592797720745445,10.786658038032197,0.12158462755145182,0.048563411734319564,12.736150745793356,460.6747952097152,0.0017342337480590114,-0.002912318997667058
zigzag_0015,medium,-2.467580572219279,0.7140756362071876,0.49558006083303263,0.26020970653028563,45.60820066190462,4,-3.326881847315708,0.001946913841030505,-0.002692270530442485,-0.4702397266909709,105.6975590067929,62.10507568139169,52.84877950339645,9.119841455801389,40.39637076315212,30.42436038366694,22.4988277064814,0.22350805678011354,0.08478975372330425,5.794923054257468,287.3056316237643,-0.0007453566894119802,0.004639184371472991
zigzag_0016,near_full,-0.43708285090437865,-0.12567283401837792,0.6923883427969403,0.9369678356516882,4.690112860489629,7,-2.899995784717292,-6.118928185258089e-05,-0.0017211041991240692,0.7720543167149712,191.70474933154668,260.8513788309433,38.34094986630934,13.975956806812324,8.36168347922516,9.186725285851457,6.593969243679412,0.8541724164520741,0.6459179143103301,2.743350626815099,1839.9731232797967,-0.0017822934809766501,0.0016599149172714883
zigzag_0017,medium,-1.9554086377717117,0.2887395074059982,0.4858969929502928,0.17378871787915662,86.27034349959521,6,-3.2684128378617023,0.0027359437927002117,-0.002088041112376074,-0.5470202697637312,110.38780897954425,99.24402847154168,27.59695224488606,9.668966522648248,15.539742116595482,33.40739140969939,15.459621533946008,0.190925822931071,0.14150663991977433,2.854178073762478,610.5262874114068,0.0006479026803241379,0.0048239849050762855
zigzag_0018,medium,-3.284208895599158,0.06708480023661767,0.2187574635625586,0.4533750539525301,58.58592229767258,13,-3.5307937905159408,-0.0008195354625463279,5.4249237715125066e-05,0.23966601615640504,50.844513420466114,57.054615508104725,4.622228492769647,7.437542435750491,4.631650904253206,18.43941555002091,50.199093119917826,0.09196446154838411,0.03747021622415841,0.6214725539650972,743.7661945996048,-0.0007652862248312028,-0.0008737847002614529
zigzag_0019,medium,-0.9966187300444425,-0.34618519789312996,0.5590009762959938,0.5399021767873232,81.15285929157871,10,-2.939867536606755,0.002884999039795167,-0.0013583699009957716,-0.2685666702683813,129.79188759513318,220.17860496476357,16.223985949391647,13.429673921901836,4.214255978877103,0.3197033868000961,34.37929056468273,0.5795509509157523,0.3691254462257402,1.2080699832132706,2206.56147090168,0.0015266291387993952,0.004243368940790938
zigzag_0020,medium,-2.8417170642470984,1.1565382651033256,0.3253440985106377,0.5085197700124815,59.34054814827465,8,-2.7035658243539,-0.0010459382068369143,-0.0015468909362218927,-0.6285194531076237,109.37090100465531,41.2861940318111,18.228483500775887,17.009439295970797,23.82218872649489,22.67772809656966,42.29842034373904,0.20491401971544548,0.05832543142156212,1.071668688402554,353.3597352963444,-0.002592829143058807,0.0005009527293849785
zigzag_0021,local,-4.453046238999957,1.0008128487768084,0.6359405435452871,0.5575686050492376,63.55769662817372,6,-4.953553707482,0.001001394126481182,-0.0027050132764890916,-0.30784326447510324,45.20544625319821,19.93997039690687,11.301361563299553,1.7928034350653816,29.543229944932822,67.92248440400863,70.54386698966321,0.027001127483655834,0.011643045395299057,6.303737120454259,131.55966091676757,-0.0017036191500079097,0.0037064074029702736
zigzag_0022,near_full,-0.36590451885711056,0.3406607585916186,0.5145122806638492,0.903889097619872,87.05926323799736,6,-3.648705596742567,0.001715882224183027,0.0012798003976180203,-0.42600215179312406,250.81419019568142,214.08501127503226,62.703547548920355,6.610297565183405,16.324826569886003,5.245109779807851,16.44724413339644,0.8099167944137932,0.6935690208111236,9.48573750736751,1320.4850066479482,0.0029956826218010472,0.0004360818265650066
zigzag_0023,medium,-2.4928742806478095,-1.2154749500594633,0.09790390847425773,0.47346946371020093,80.6732026507857,5,-3.0620500077572705,-0.00032445026804906623,0.0021587207388034605,-0.7085827177282616,39.771860979089155,160.9278549281023,13.25728699302972,11.885085078472171,4.709409942875858,3.676283985439901,53.45919247573008,0.18250924120865103,0.08267200221474146,1.1154557923226869,806.274713768709,0.0018342704707543943,-0.0024831710068525265
zigzag_0024,local,-5.472288317460787,0.09733692029948787,0.957872797350838,0.09282896404445211,149.93652324111088,8,-5.308082505469441,-0.0006457346212879558,-0.0016936664996316448,-0.7842840941603701,17.285336975471076,18.818552247675704,2.880889495911846,1.2576586292402743,8.703707823774977,109.14683455235962,12.909507730520646,0.00899133404416368,0.004201606539354361,2.2906768410217424,151.86384211619742,-0.0023394011209196004,0.001047931878343689
zigzag_0025,local,-5.4837558374040185,0.07847399313690963,0.25377574472889736,0.857624753805716,105.38049436620484,3,-3.616863736463481,-0.0013927513862797886,0.00015466229582698776,0.058615314097388405,17.02517864169837,18.888266488116408,17.02517864169837,6.8241686938604635,42.03031932122284,28.28114004902263,117.91703329349838,0.01198347600609082,0.004153699743631897,2.4948355478104616,63.20532214732477,-0.0012380890904528008,-0.0015474136821067763
zigzag_0026,medium,-2.591006185691083,1.3629393357766515,0.4183600996448516,0.10992451228024307,169.20591464384427,4,-2.977116543650326,-0.0006708108614144971,-0.0029984278641486065,0.2380728203845881,137.4555843564499,42.21109339178794,68.72779217822495,12.938634051883104,58.44267189880206,20.068385114392754,12.226916876492774,0.16810764331047898,0.0749445939572211,5.31182750069527,245.73289099161684,-0.0036692387255631035,0.0023276170027341095
zigzag_0027,medium,-1.7565788616598095,1.2871841223011782,0.0011990891156266586,0.7542075611331377,138.1457053573793,10,-4.739041683978293,-0.00012933049147266832,0.0012663712285941537,0.18294349436699897,200.8657746822761,66.53807444288226,25.108221835284514,2.2217442443503392,20.674058807138195,0.034085466526711586,44.52721781227121,0.47548993678964896,0.17263446107472696,11.301130586534462,702.0183620102342,0.0011370407371214853,-0.001395701720066822
zigzag_0028,medium,-3.094641372923376,0.6106327855800475,0.53767050070361,0.10187178652389091,94.85765828597077,7,-2.876976139593243,0.0007329988033962834,-0.0017411073559566873,0.7843835887249653,73.35641611399129,47.79967042316526,14.671283222798255,14.3014099087803,17.062963708819176,49.65361815092584,10.808508498420991,0.0828914119886648,0.0452912522174519,1.0258627167794745,345.60209302952063,-0.0010081085525604039,0.0024741061593529707
zigzag_0029,local,-5.293449358923694,1.013444088425444,0.9687511890917974,0.6087788323574621,175.60689290879668,11,-3.3857699157980274,0.00012534783821465615,0.0024364190731519103,0.6354022694642205,29.884251374980863,13.016386974311336,3.3204723749978737,8.59829864077925,14.31089865305465,103.64419407243385,85.32068545062447,0.012665754270403647,0.005024399378117398,0.3861778374677324,146.9319104191112,0.0025617669113665665,-0.002311071234937254
zigzag_0030,medium,-3.3482601823388807,0.5555921819244548,0.2969771763575139,0.5068671086839585,83.08890481161501,3,-3.1152281631692094,0.0002599663163128168,-0.002009246845559554,0.13615699835302375,62.8656724558024,43.281688262058545,62.8656724558024,11.269569221472562,55.4534093910184,28.350106956410855,56.931140778363826,0.06530907646242431,0.03514544761011118,5.578356299193832,162.88766697043732,-0.0017492805292467371,0.0022692131618723705
zigzag_0031,medium,-1.8564038969121368,0.6396503271171973,0.04238349970841047,0.9874161029410755,38.92340722715429,10,-4.025648879201013,-0.0011310298884776512,0.00012927924254850206,0.4000468956118757,138.23532439658177,87.499117867444,17.27941554957272,4.534366524023653,11.171089917958147,1.8035072945108312,70.84696311412073,0.3518886573935348,0.15623345297834212,3.810767272125924,888.5100611983507,-0.0010017506459291492,-0.0012603091310261533
zigzag_0032,medium,-1.6146472655332818,0.015073197433352496,0.689763892667168,0.4221325402837786,78.16302784067486,9,-4.836016556892016,0.0026863546325610207,-0.0007926751606744556,0.7677960007672764,114.15386518361157,134.93532537207972,16.307695026230228,2.016407998873392,6.891097104839722,33.15376984695633,34.40537932213032,0.2891359755512856,0.19896083840999584,8.08749768664956,1221.290991375229,0.001893679471886565,0.0034790297932354762
zigzag_0033,medium,-2.3899544630763874,0.18368298022206148,0.9101824322998152,0.6132347688546533,81.05711148112553,11,-4.9394057963121005,0.00029103230230891953,0.00019122357373042853,0.04847960335338186,84.2845459039102,84.16987702265129,9.364949544878911,1.8183481347896713,6.3487588284999985,70.84513378587668,63.27875528944286,0.125003949152854,0.09163385650642383,5.150251134919308,930.5430790950533,0.00048225587603934806,9.9808728578491e-05
zigzag_0034,near_full,-0.38550295877900576,0.12204677434514365,0.2443193737776153,0.8318933883255187,175.04198303489756,13,-4.6918393207912805,0.0009296186647143306,0.00017156534156741524,0.06434884970587851,222.65114509944118,236.4840957486003,20.24101319085829,2.329130323598162,4.892104909503824,1.1265467240021527,19.730951551029328,0.8137129389939078,0.6801084836349606,8.6903738214137,3083.8043726851556,0.0011011840062817458,0.0007580533231469153
zigzag_0035,local,-5.3430144463988105,0.41513863505386667,0.6528737024956563,0.18266165118996852,51.1314682857222,10,-4.179438316110386,0.0019478158650574951,0.0028662190602090198,0.37282815205677333,21.615191147185318,17.125683282941957,2.7018988933981647,3.888004138039318,8.965587626412606,72.34977782853178,24.819762365591327,0.013813786998512647,0.0047814355829942255,0.6949321033286516,172.95145407277113,0.0048140349252665145,-0.0009184031951515246
zigzag_0036,medium,-1.4601332219047798,-0.30511735928604,0.7937817480389165,0.5748606179054623,18.4624318579783,14,-3.621877489970865,0.0027676837844904374,0.00022191264532079149,-0.38694040699324667,105.07863518839952,171.0828415160238,8.756552932366628,6.790039623004896,2.9300197152685685,36.33923254320459,28.931322215890965,0.42833495166284696,0.23220533783166236,1.2896173540282614,2397.8471483338612,0.002989596429811229,0.002545771139169646
zigzag_0037,medium,-1.0094191860662454,0.3212874449315102,0.8298248024021342,0.8160257953123738,74.46544453829303,5,-3.841159369480571,0.0006662450527159681,-0.000622405532390906,-0.024812518267805728,180.05608693733706,156.69519862128172,60.01869564577902,5.453048976852252,20.95825391450018,19.954053978969416,33.7186821748946,0.5908640795220236,0.3644305844753859,11.006447200557611,816.7795726147125,4.383952032506206e-05,0.001288650585106874
zigzag_0038,medium,-2.6035706857094114,0.7387846578115309,0.5361298449290953,0.553321971649841,19.873254718530603,6,-3.3672472694970446,0.0006038892925280081,0.0010779761015733023,-0.6407713815902503,99.97710932846459,57.31017327638067,24.994277332116148,8.759046022889702,23.563116922654178,34.655381962438234,56.90960014799347,0.15964482542843392,0.07400884353346404,2.853538760590993,364.7137646292397,0.0016818653941013104,-0.00047408680904529417
zigzag_0039,near_full,-0.48631405198502414,-0.019552792748273484,0.10770118381937015,0.26254268772653455,170.44344026533705,6,-3.8045631079730597,-0.0005670653314588104,0.0011204107513325956,-0.49546457098663105,197.23597305040428,241.35652428252774,49.30899326260107,5.656306735749149,11.546598443625273,0.6954302065354125,3.6139995332175645,0.8634255293467316,0.6148886699801585,8.717524626264868,1468.0807860544753,0.0005533454198737852,-0.001687476082791406
zigzag_0040,local,-6.791088093707052,-0.7102336808038384,0.4117804926371847,0.035537889964680665,89.34080540888381,14,-5.44685960403239,-0.0005227724914000547,0.0007319903248198061,-0.1435888816530937,5.969560936726959,14.573846946299536,0.49746341139391326,1.0946937710190248,1.9549740063956393,49.053602988870885,5.287255276725913,0.0014736002548105776,0.0011237453684417712,0.4544315721563266,204.13571002803894,0.00020921783341975144,-0.0012547628162198608
zigzag_0041,local,-6.635413038908759,-0.9221144235803463,0.22368495335355723,0.49458333444964875,150.6223981611663,10,-4.712623489034239,-0.0009137164152371144,0.002666433251845176,0.5169345004076735,5.804134658726941,17.51410429702564,0.7255168323408676,2.281220890604512,2.372105281956297,26.533902697943734,70.12792662412139,0.0045919846916333005,0.0013130362980620432,0.31803883408616745,175.26120876188097,0.0017527168366080616,-0.0035801496670822904
zigzag_0042,medium,-0.7083685737735976,0.5699292118601591,0.20563657385072445,0.9923955246234806,89.32326712187493,11,-3.2837306768605363,-0.000979497087087974,0.0004982825492131889,0.13266530432870682,237.01290379889463,160.85557794211985,26.334767088766068,9.521987425118684,9.297799310263846,8.299750130438854,27.92104083815475,0.5562529356459059,0.4924469333228869,2.765679675158553,1788.6845673439532,-0.00048121453787478507,-0.0014777796363011628
zigzag_0043,local,-4.463425320073684,-0.08925916077128097,0.1845658727096165,0.17480543829536405,32.01000844805129,5,-5.2030094202039106,0.0025355688408938743,0.0005897254176641469,0.5095324003519239,26.075391798311376,34.21187288359167,8.69179726610379,1.3969968798595869,14.254858793828607,19.548251559373696,22.728469226675923,0.024379244098109147,0.011522826244570824,6.221772855339097,174.31990373933434,0.003125294258558021,0.0019458434232297274
zigzag_0044,near_full,-0.2855806982902424,-0.09961459552196826,0.4350592865155121,0.8175516147020346,177.0011689191692,8,-4.753595653494985,0.0001849405246224468,-0.001713393349965766,0.3918641470143869,209.50269853455458,277.73648609938715,34.917116422425764,2.189643211698964,7.165648384799646,6.080617145748098,5.797419018091569,0.8485391679168286,0.7515776876966749,15.946486731659476,2235.009630412379,-0.001528452825343319,0.0018983338745882127
zigzag_0045,medium,-2.7659853765778077,0.4195855278379667,0.4991432661785294,0.3938293609777198,69.91664270786985,3,-3.443149682747034,0.001607144464587483,0.0007016296488498914,-0.39210709285441575,78.5813459704954,61.98363332729562,78.5813459704954,8.118818058424726,51.73422218867004,39.52927539101615,39.244989393929885,0.13029152251520015,0.06291407473857319,9.678914517483639,224.0522242405708,0.0023087741134373745,0.0009055148157375917
zigzag_0046,local,-6.5760337990034685,1.2593544347195305,0.28728022950040655,0.1307168599131096,135.38674213086188,10,-4.618273446878067,0.002167376633839768,-0.0015802044122019666,0.7443858009919659,17.796371440791948,6.06152674792187,2.2245464300989934,2.5069348212648284,20.152854522622118,33.544137133139074,18.590620526147838,0.005383255866617382,0.001393364714493475,0.8873571068659212,63.7777304715839,0.0005871722216378014,0.0037475810460417345
zigzag_0047,local,-6.2241835539140915,0.30654744697433095,0.30736792569613597,0.440007013497972,89.28140563834253,3,-3.0863646036384247,0.0012290700291683956,-0.00013395058839921464,-0.671622096381818,13.177570945234338,11.638171279263554,13.177570945234338,11.599588964388909,48.549691461972174,35.41698014320815,61.54231843540886,0.007623899818321555,0.0019809404864075597,1.1360377497590546,40.85745193029769,0.001095119440769181,0.0013630206175676103
zigzag_0048,near_full,-0.487423189522037,-0.14035261749490613,0.30867222663943944,0.5577065165634707,11.38397214655272,8,-2.9866942692781393,-0.0008531966362420244,0.0010355931736211752,0.433756719579131,185.5726340278178,256.2415457719558,30.928772337969633,12.815302923580939,6.882399906145385,0.9889524727879223,0.5236953072352857,0.9687664219306966,0.614207051949148,2.4134249906070346,2061.0913294677807,0.00018239653737915076,-0.0018887898098631996
zigzag_0049,medium,-3.0734071008904245,0.8008640366110811,0.0009213650286109319,0.32396131688139196,67.36815283248244,3,-3.9263288530533185,0.0020714052887378484,-0.0018506440730017171,-0.6086961092601427,81.53747535583662,43.92660860637748,81.53747535583662,5.007843653519011,61.68736232967752,0.08086374272006124,33.38236501868072,0.10005081904103352,0.04626326242983632,16.281953071466248,180.47020718253071,0.0002207612157361313,0.003922049361739566
zigzag_0050,medium,-3.0927406669188704,-0.21037434964405147,0.7872807673547203,0.010849693773144996,112.64069219649375,4,-3.721984970917191,-0.00023185786350121695,-0.0010561417099221487,0.06200544459469559,48.7047596177552,72.13018888415708,24.3523798088776,6.143221606084904,18.65555795072298,63.23627653278534,1.215422547016654,0.09737482469008253,0.04537741943582662,3.964105703879606,296.52071470239565,-0.0012879995734233656,0.0008242838464209317
zigzag_0051,local,-4.2843784519281405,-0.025752075685407848,0.6004427383711102,0.43205621652487847,44.64657084862721,9,-4.116273558650743,0.0002303797875398215,-0.0001952276291663905,0.5682779868770342,29.43748915037352,36.246493141292824,4.205355592910503,4.141511046685773,6.617927021630574,60.563093571212534,54.54034114864455,0.035333016860865686,0.013782185150271452,1.0154157614225903,327.9204138516037,3.5152158373431006e-05,0.000425607416706212
zigzag_0052,local,-7.092108297170386,0.33420599801427303,0.8832102307105617,0.14853785208552386,166.773905876119,5,-5.381782446906773,-0.0008250289094586491,0.0019254412153307116,0.5876511203316175,8.657128775623423,7.437231550873645,2.8857095918744746,1.168302476063527,21.206679990268015,107.07435555503334,21.84804106933231,0.001582924844801376,0.0008316421671890519,2.470002119312091,38.8068177061217,0.0011004123058720623,-0.002750470124789361
zigzag_0053,medium,-2.150026910991458,-0.4114065081906305,0.36518569602588474,0.6514395032012759,24.299615637827472,8,-4.01938158271877,0.0016850814084593464,-0.002055459807345658,-0.36133901807907,70.570877360963,127.78454741817092,11.761812893493833,4.56287398242375,5.258920127127233,23.930726458975105,49.91967982093967,0.24064168760308408,0.11648102311150076,2.5777203005825906,1025.5173455978456,-0.00037037839888631177,0.0037405412158050045
zigzag_0054,near_full,-0.5194491299781003,-0.017147440939698447,0.4134262804756276,0.6966761893185269,7.254139038763079,11,-2.8086074064586177,0.0007166142061580693,-0.002786246426835076,0.2712405553569295,194.22863218191645,237.10545009585803,21.58095913132405,15.313378537855884,5.200640564020534,2.9481664249568165,9.733462471910713,0.8573223995520044,0.5948481417399838,1.4092879032523233,2616.980909604106,-0.0020696322206770067,0.0035028606329931453
zigzag_0055,medium,-1.6503398151343909,-0.46173536083660394,0.7372448145446238,0.4488760175845927,178.60861865894142,4,-3.361702760240721,-0.0011062767996090242,-0.0008617639598901454,0.5761897464071712,88.3491589356223,168.23361798193324,44.17457946781115,8.807745517280663,14.712527018380426,56.241774619362694,28.156127973008477,0.23496479025457243,0.19198465824240735,5.015424137895594,684.3404524692422,-0.0019680407594991696,-0.00024451283971887875
zigzag_0056,medium,-2.208242589491162,-1.3779750997943476,0.8909499944891279,0.7861943745571327,178.47196284445073,5,-4.033530015121949,0.0013604452792052302,0.001446476633136141,-0.16187315965975035,42.276248297344864,201.24480030358748,14.092082765781623,4.49877101589441,4.005574443144547,89.87691128442611,38.477250429735705,0.1396342011126568,0.10989360709209148,3.1324294381717817,1007.7023797296717,0.0028069219123413713,-8.603135393091092e-05
zigzag_0057,medium,-1.5676747934532833,0.5456414253025742,0.8102940585642574,0.7134039789007577,44.32238710540546,10,-3.282103864621218,-1.416446317568541e-05,-0.0006802369316266724,-0.6844769397517273,152.3708851902838,105.95322407791458,19.046360648785473,9.537490517695778,10.1907632557224,23.28573389872121,38.89874621021375,0.4968999394665254,0.20852949322023906,1.9969991701115737,1073.1186002844302,-0.0006944013948023578,0.000666072468450987
zigzag_0058,local,-4.107433649033025,0.44822569993831257,0.971547033826567,0.26627719761083074,29.723582932541703,5,-5.18279403539453,0.0029327605660276466,0.0015313045856579282,0.33489701303112374,40.761185485834226,31.24396224410995,13.587061828611407,1.4255250922330847,23.50277659444269,97.72103776068519,34.01851842141674,0.03363618562396125,0.016449936712657414,9.531268093869382,164.69918038801254,0.004464065151685575,0.0014014559803697184
zigzag_0059,medium,-3.140434431606728,-1.3150862290865266,0.15011184188781765,0.9627834145264494,92.43958801003448,6,-4.4493176279836115,0.0007210741920403081,-0.002337497458360564,0.5425578373826436,27.373460159461864,122.36173792442108,6.843365039865466,2.9683808595842547,3.2010651266912236,9.56902519533779,129.56699195672317,0.05825303604290984,0.043263998570337255,2.3054201477447656,734.9352921560962,-0.0016164232663202559,0.003058571650400872
zigzag_0060,medium,-1.7540227588592865,0.5629565301595669,0.28607675236492086,0.47963244116478393,95.49354008510103,14,-5.193765627142346,3.4531866395002154e-05,0.002853086986121192,-0.14862076273258495,140.0222239720717,95.6950123267635,11.668518664339308,1.4099702993482364,6.952010705473182,20.569092762777874,37.10465386641491,0.21362272812480923,0.173076296952542,8.275719474185465,1348.2354415237676,0.002887618852516194,-0.00281855511972619
zigzag_0061,near_full,-0.48141786763852734,-0.0076450716930567385,0.6881751635892435,0.74085449388694,168.42193597106882,9,-5.031475227703405,-0.001388218368878213,-0.0010067786452576718,0.180053475793024,198.90012162595872,240.51186567139433,28.414303089422674,1.658409547727663,6.737747422893792,3.068618430562395,10.114402398495258,0.8784522204048306,0.617906660550956,17.13346569208775,2176.3152040078367,-0.0023949970141358846,-0.0003814397236205412
zigzag_0062,local,-4.090143532047403,0.6537335434903904,0.4652834988158929,0.5392629541506961,13.245263729025408,7,-4.094255566853651,0.0015378995269184148,-0.0006538520822654045,0.20125883354452867,45.56451677625711,28.437744260189866,9.11290335525142,4.233710097157974,17.76810826153567,46.072561486641206,70.53233158388845,0.03123403480378901,0.016736831114533994,2.152462768144842,206.18643136869497,0.0008840474446530104,0.0021917516091838193
zigzag_0063,near_full,-0.38265796232072535,0.294184279263279,0.6172600024104437,0.08441888454611426,85.36786418792263,4,-3.8667546657946548,0.0007121956471028558,-0.0005995169612829886,0.18284376700504001,243.00874381958116,217.29039897634482,121.50437190979058,5.315247628588685,29.21303284700054,3.7243299431140526,1.659249661163458,0.8296486325925604,0.6820461448748779,22.859588188566228,932.4901466517949,0.00011267868581986721,0.0013117126083858443
zigzag_0064,medium,-1.5155102927377735,0.5550170305940827,0.07828101353469864,0.8639527324959521,158.37812744776218,12,-4.6263946950921975,0.0015061361169386484,-0.0002819976554257241,-0.055155101083206204,157.13222305084253,108.24445722923338,15.713222305084251,2.4866578300109325,8.25960242680005,2.536712599243189,61.791671211172215,0.3952834804574697,0.2196960469413437,6.319012658454569,1310.279016628912,0.0012241384615129243,0.0017881337723643725
zigzag_0065,local,-4.305528773891828,-1.0850005650072583,0.2888284541243662,0.8392432619644514,91.5214016824098,12,-5.186165874147094,0.002259950872596103,0.00284736622872444,0.4175610847798841,17.151224964608705,60.9096561348943,1.7151224964608707,1.420726545992766,1.612935065360419,27.61178336312724,119.41579876186861,0.016402456592401436,0.013493748513114714,1.2072150698517345,731.1573018657871,0.005107317101320543,-0.0005874153561283369
zigzag_0066,local,-6.664077504675779,0.028919338553584657,0.14467522036762273,0.0406550700393921,129.43115698247053,5,-4.125219878359701,0.0014763671774730494,0.00025730207506022285,-0.5894801374274838,9.205077039474807,10.731221632344708,3.0683590131582688,4.104625007950812,15.956727267894857,16.933315862382386,5.7953140601528,0.005067799872382599,0.0012759331258061514,0.7475369874750417,54.94625282700167,0.0017336692525332723,0.0012190651024128266
zigzag_0067,medium,-1.1718360170287752,-0.5069575625143792,0.5598114838486624,0.15456642163406006,151.38746088463958,8,-3.5633803353268334,0.002033662301100739,0.0019076067289594432,0.45081094673916544,109.72063760425415,218.59410242924628,18.28677293404236,7.199084978970018,4.782017979454428,12.100320247546557,3.9097654480335713,0.6920741225904768,0.309797625073193,2.540152392625135,1753.334228870572,0.0039412690300601825,0.00012605557214129563
zigzag_0068,medium,-2.581056411339487,0.8177308796014552,0.1782258150807459,0.017333494139489737,174.85338573323958,9,-4.708467905493136,0.0007118425801492948,0.002595794248636818,-0.6954146947012085,105.17982466385789,55.71571136491419,15.025689237693985,2.2907204189624637,15.092749648832566,12.632582219640321,2.0573715426949755,0.09773419504070224,0.07569399777295281,6.559372812723943,515.375205536722,0.0033076368287861127,-0.0018839516684875232
zigzag_0069,medium,-1.9863482119840608,1.0766189088028122,0.9752272646372365,0.7973449725616318,149.69986681876298,7,-2.998837079608972,-0.0014603702887905888,-0.001890168671187699,0.6097339121737622,161.1715967019,65.90222890160074,32.23431934038,12.66063011266059,26.064336775337292,31.342313372846675,59.50815166154165,0.381151336707453,0.13719552072722388,2.546028045487703,498.6203216073919,-0.003350538959978288,0.0004297983823971102
zigzag_0070,near_full,-0.3742659153828247,0.03429831560879344,0.7363463853295877,0.4622087741572115,4.53963326192331,6,-3.572177425756818,-0.0010204454200876806,0.00042586146868179436,-0.7412857649248394,214.29433497980008,248.48281999472547,53.57358374495002,7.1360317266124245,12.166886235764808,4.798182559721968,7.500989693329919,0.8476682960876486,0.6877939925067045,7.507475554678084,1513.735747400626,-0.0005945839514058862,-0.001446306888769475
zigzag_0071,medium,-1.2768239818273064,-0.26725911413082143,0.12465405679954884,0.678289167083391,150.10466023934845,6,-3.802254645310657,0.0027341021721575104,-0.00026835387154256884,0.6295219564863026,117.36546736697726,183.9885247112155,29.341366841744314,5.6693791914884555,9.06088338092854,3.2913493052615195,26.811347512136543,0.5866501571315608,0.2789217557517056,5.175410896098651,1113.2307569186244,0.0024657483006149416,0.0030024560437000793
zigzag_0072,medium,-2.6461202258574255,-0.9853899170255245,0.1609429299700322,0.7701780396183578,45.86640062260275,11,-5.2952578133225705,-0.0014687191635032978,0.002648312125142131,0.5918770045375381,41.329610138156646,132.8592994522509,4.592178904239628,1.2738915828130009,1.9795962134613854,10.305491718210877,69.63226713708134,0.20167349431004775,0.07092585624225177,3.604842803105113,1462.1663437728453,0.0011795929616388332,-0.004117031288645429
zigzag_0073,medium,-1.8463157266500043,-0.653277669130378,0.22351600652861442,0.7675736401514417,20.639500483091417,10,-3.5302226146284648,0.0013888176529033174,-0.0013615812143500919,0.3990900521721148,72.78701465202839,167.86109048890984,9.098376831503549,7.441791794101857,3.102499766193273,13.090055131159847,43.16412892637685,0.3400269666093163,0.15781753948531815,1.222605668531959,1680.5820526038628,2.7236438553225563e-05,0.002750398867253409
zigzag_0074,local,-6.016410594824334,1.133253090069909,0.020215208580817972,0.369716389551596,148.4550046506672,12,-5.046220555188093,-0.00024239661643227217,-0.002968801429997076,0.5542391443332415,22.10393207495905,8.540537811177936,2.210393207495905,1.634135162541496,14.51043746541915,2.3090483779400586,52.44608991762546,0.006961115774047255,0.002438406334112165,1.352637932383868,105.30047498321305,-0.003211198046429348,0.0027264048135648036
zigzag_0075,medium,-2.0422661341613937,-0.2992300767676348,0.5537249240144377,0.6023745850569621,48.02590185353154,3,-2.677127437011038,-0.0012945264195688172,-0.001146405219173222,0.4392672083662361,78.7742495858884,127.50273242021268,78.7742495858884,17.465138877843263,31.70876800646351,22.66386529377018,41.051034283203194,0.3746628995977393,0.12973438199506812,4.510370638152984,404.87984281224607,-0.002440931638742039,-0.00014812120039559527
zigzag_0076,local,-4.998473851096348,0.8861257197314805,0.7991164093054006,0.023727592582148824,66.35586662175537,3,-2.810286718432297,-0.0014004971066886528,0.002091242461485986,-0.03432524234031509,32.4974037437196,16.076459166240923,32.4974037437196,15.287684178380907,63.67840673586336,82.3506686421557,2.947530958271152,0.03486267047178076,0.006748237960283146,2.1257244304978404,68.4094182932631,0.000690745354797333,-0.0034917395681746386
zigzag_0077,near_full,-0.31761812915905396,-0.061295542211341675,0.6894916229920481,0.7264194726554949,0.6278735902297942,8,-3.2547526158263262,0.0006615554058835549,0.002979888677742932,-0.5406967121565238,210.1617413837389,268.13605787900036,35.026956897289814,9.801952996629682,7.442477917476161,10.688430521407298,8.887111001164136,0.8074600620656509,0.7278806917614973,3.5734671355120287,2158.7572456736834,0.003641444083626487,-0.002318333271859377
zigzag_0078,medium,-1.4698546714073792,0.22520452231144772,0.1054278621365477,0.6467043310155287,172.20213827747907,6,-4.354646028090472,0.0016100491463660487,0.0007201841718034699,0.508296206397401,136.32056291954777,130.5983035314821,34.08014072988694,3.263134507929261,14.625399721109543,5.141975879764622,49.549797463084595,0.3062892136380691,0.2299589023620704,10.443988945927247,801.0836008306603,0.0023302333181695186,0.0008898649745625788
zigzag_0079,medium,-3.1412415783428624,-0.28384088280938347,0.6155583268339955,0.05353463791686619,37.004460052398464,14,-5.3009768188240916,-0.0001592245127975038,0.002049497460241945,-0.3697400882150739,45.8233156284469,73.03621952984005,3.8186096357039085,1.266626982786587,2.9929147798942783,52.83747000601202,5.811726368787025,0.09323765735606432,0.043229092264249674,3.0147862690426384,1023.7041639634504,0.0018902729474444414,-0.002208721973039449
zigzag_0080,near_full,-0.2721876341605623,-0.13060739961332146,0.9375487169484202,0.09025537719527874,1.0197212461491496,12,-4.930050977810355,0.001966682521508149,-0.0007486778309084572,0.3927384657026134,207.66718998987022,283.96917869183034,20.76671899898702,1.8354382644609057,4.182605420617979,18.4904359864494,0.6910051636149915,0.8022722778292904,0.7617113246153892,11.314310811258204,3415.2133891446524,0.001218004690599692,0.0027153603524166063
zigzag_0081,medium,-2.149556063281633,-0.7772163072357139,0.36670587027744606,0.47392680726576714,60.538108887139394,4,-5.205488963887653,-0.00045233422265077735,-0.0010789227426992926,-0.04862616106895812,58.78860724293142,153.46705917503672,29.39430362146571,1.3935372559867036,10.84282438146712,16.422050932821257,41.760792142698435,0.27307009846172675,0.11653588084827728,21.09330302809369,619.4475634190826,-0.00153125696535007,0.0006265885200485153
zigzag_0082,medium,-2.799140832528634,0.9945725928171716,0.16704140678029125,0.1024411172253243,111.34477538942437,13,-4.7864576407829125,0.0020454455801279543,0.0001822954914435771,-0.06632015121553647,103.03308468255277,45.73203839019466,9.366644062050252,2.1188566480350635,11.574997655071076,14.295254667546454,9.703427871863221,0.12343573865139258,0.06086233110343016,4.420612442439876,604.9595062763032,0.0022277410715715313,0.0018631500886843772
zigzag_0083,near_full,-0.15293943096251994,0.08329119425424503,0.29298458947086387,0.2852257271714976,0.408893328643174,14,-5.4343159498727,-0.00015310602117097152,0.0004292456252806983,0.7642427703769781,245.3069169197282,270.84332338608203,20.442243076644015,1.108511713660766,4.316287833073976,0.8276915796227352,4.434768438061542,0.8780022555422188,0.8581816994767795,18.44116108537567,3801.0508059256676,0.00027613960410972677,-0.0005823516464516698
zigzag_0084,local,-5.272266905346623,0.6179888750584052,0.4510744265001115,0.2212607230350679,161.67216578159983,13,-4.945855123332942,0.0025540147407016544,-0.002591287543795653,-0.10723388753051588,24.7839248599806,16.031057485705094,2.2530840781800547,1.8066587478872378,8.000230890476681,50.32843664869348,30.92180940455326,0.010079576638904927,0.0051319637008874356,1.2470999743669802,210.13685834837793,-3.727280309399851e-05,0.005145302284497307
zigzag_0085,local,-6.429381198220809,-1.1573581425083792,0.4068154812788011,0.9377386659098766,137.66106491275195,14,-4.421155023052597,0.001928211646894577,0.00022943637245215068,0.17501849916524714,5.71997592607065,21.837841115247805,0.4766646605058875,3.053166485280094,1.2504229274141092,46.93647012470174,131.51427604929276,0.007299689333761063,0.0016134489307119328,0.1561214112640041,305.7921944600137,0.0021576480193467276,0.0016987752744424263
zigzag_0086,medium,-3.396005413785656,1.243928496846399,0.31708651487653233,0.4266274975460482,33.76307589078315,10,-4.732900717932081,-0.0005527813540945351,0.0009061979349356221,-0.4476288684967229,86.59965299280815,29.954778722051334,10.824956624101018,2.235429878817806,19.868670765800843,25.72484273602141,48.77801091417592,0.09021718926271861,0.03350684898327544,4.842449645446151,314.7153287069345,0.000353416580841087,-0.001458979289030157
zigzag_0087,medium,-3.6823230748945646,0.3887616441642939,0.25761245635296126,0.34831514928246565,148.54242636494686,9,-3.42091876745055,-0.001174613188356911,-0.0021292447644762473,0.6168571778505669,48.93796872084237,39.809813979086606,6.991138388691767,8.301327979778536,9.96034507988223,23.19358673580216,40.733471602201654,0.06771941448792433,0.025164447983072588,0.8421710846411199,362.5527789778914,-0.003303857952833158,0.0009546315761193363
zigzag_0088,medium,-1.8287528613109334,-0.5277099404087682,0.8455434522816961,0.16274539616030664,145.60580697924124,10,-3.3354727862226308,0.0025518081265364007,-0.0008885464988105923,-0.7971651366555134,78.1869587826467,159.03659983321526,9.773369847830837,9.041829034788535,3.516608861536453,36.81354364278776,9.506976082811878,0.40527627497386254,0.16061375054368784,1.0809062867952592,1592.766168996824,0.0016632616277258085,0.003440354625346993
zigzag_0089,local,-6.146728620288247,0.2766416226290468,0.47028024855494643,0.12206086931530594,159.4926151964738,6,-3.0465338628351537,0.0008950502439407449,-0.0027776949747808995,-0.4090616865958972,13.494615691069734,12.279985013925076,3.3736539227674336,12.070933880848772,15.361753690889492,52.08913471155125,16.663502112915793,0.013324547932873972,0.0021404726276558596,0.2794857428653411,75.49986759081406,-0.0018826447308401546,0.0036727452187216444
zigzag_0090,local,-4.742968383703877,0.9336921923738148,0.5010834178961874,0.7062976417272655,129.8005370798646,9,-4.6439414522466365,4.7464503500988615e-05,0.0015480682301001322,-0.5718915859863514,37.81463402992199,17.837902293151128,5.402090575703141,2.443405626629094,16.848588968890276,53.277312429128834,92.13237610675336,0.023454362957581177,0.008712744991901441,2.210885706748506,166.14148474624793,0.0015955327336011208,-0.0015006037265991436
zigzag_0091,local,-6.165336391201971,-0.6178484558266351,0.5760324805688967,0.6175844901649826,111.13675154537832,11,-4.5110363955006,0.0024671354579207474,0.002516933040282974,-0.10032594204935164,8.548380446158612,19.02800528131324,0.949820049573179,2.7907151007877657,2.857658842605358,66.11711385977529,88.42452640650275,0.005822372988995664,0.0021010114839236376,0.34035005913182,209.52127990919917,0.004984068498203721,-4.979758236222645e-05
zigzag_0092,medium,-1.9604181594505663,0.3531389519682518,0.2526911148986321,0.41870241601137564,93.87400413198017,6,-3.4345303617137315,0.0012104365569626276,-0.0025990909297150993,0.185170578996931,113.71492552818488,95.85889515962828,28.42873138204622,8.189099210473165,16.518699184853187,17.935206242256694,36.87611963447346,0.18619872401136608,0.14079953195449205,3.4715333947460643,591.6601971573841,-0.0013886543727524717,0.003809527486677727
zigzag_0093,medium,-1.7243968673177301,-1.3807778606965984,0.27341196554641634,0.6476899194704022,151.73750756625657,11,-2.976158237923554,0.0019927974711643585,-0.001406890870085209,-0.47104675466981816,53.77167830563644,256.6841448044659,5.974630922848494,12.951039161986309,1.3333871295546846,9.235315325944699,11.566027843357487,0.6480217653130659,0.17828054617695796,0.4613244426273637,2824.1513082201145,0.0005859066010791495,0.0033996883412495673
zigzag_0094,medium,-3.075145267873127,-0.7117467618015644,0.41472049696338764,0.16778505573122046,168.0499957794339,6,-2.9217690955735556,0.0008197242686741827,-0.0004455342216854183,-0.7040270685045382,38.24023571200962,93.49954507518014,9.560058928002405,13.674942881516888,5.83804013847851,37.5360512454743,15.87235471126569,0.10897494184281158,0.04618291899994519,0.6990931524053254,562.9471643515196,0.0003741900469887644,0.001265258490359601
zigzag_0095,medium,-2.1023375444678223,-0.6115521554861789,0.37459624084027365,0.4107156523552438,52.67128262429156,14,-2.832741922368355,0.002201198912767245,0.00010850186156917147,0.10704617508899117,65.39131274805247,144.64220327129826,5.449276062337707,14.948221725731187,2.15755099350121,14.68074245799429,29.6008679243605,0.36443586396652256,0.1221705152039913,0.3645434328123171,2026.2221909943582,0.0023097007743364166,0.0020926970511980737
zigzag_0096,medium,-1.188940059305383,-0.5640693234035875,0.853612994446134,0.33919004347838483,99.96426138554553,5,-3.9598320904373683,0.002202795190757292,0.0022307006289805633,-0.41720285361757625,105.72375163886903,223.01085688580721,35.24125054628968,4.842844121642878,8.979898397858731,4.46077122258066,26.537346816153136,0.4666074992715896,0.30454389151743294,7.276973956026173,1123.3562635039273,0.004433495819737855,-2.7905438223271416e-05
zigzag_0097,local,-6.953416803585112,1.265029659890149,0.042951452935731695,0.32658243493055217,61.65171198732901,9,-4.138801282442481,-0.0006123470856653111,0.0004120715980559992,0.2652487086890345,14.778016356367418,5.004975872493079,2.111145193766774,4.049255287480439,22.8704678226659,5.0917190707126885,46.36349102793303,0.004557672900735353,0.0009553652751116906,0.5213662868562648,48.03401199841935,-0.00020027548760931184,-0.0010244186837213103
zigzag_0098,medium,-1.7153827802964892,0.9000272192809612,0.729471080746892,0.4340247051864014,64.56305207109529,13,-5.280234173851254,0.0004971850628010012,0.001202761521958434,-0.5054759242938964,168.95906835592487,82.43011339891606,15.359915305084078,1.293174558219024,10.555360688828456,38.39448597464262,24.97630787338851,0.36445689169625023,0.1798948473292684,11.87768132883618,1087.198950786823,0.0016999465847594352,-0.0007055764591574329
zigzag_0099,local,-5.5137523858260185,1.0197689137525539,0.5174925233946213,0.9714826616544037,47.08760614389731,8,-4.660325014764611,0.0007955461501279399,-0.0019490712724557768,-0.3598494671846768,26.852059743223556,11.621945613470778,4.47534329053726,2.4037000850463843,21.060544912469066,57.90949283997201,133.00736083767143,0.012080249395245662,0.0040309532770347965,1.8618559438337328,97.9669761925843,-0.001153525122327837,0.0027446174225837167
zigzag_0100,near_full,-0.40980963029284057,0.22603114244786138,0.20022062342260116,0.6190651884678025,95.95517246283968,10,-5.071917677446698,0.0010201500386149923,-0.0029149906151771767,-0.7555850135836621,231.7003687873864,221.790986791377,28.9625460984233,1.5926775435601368,7.439863052690802,0.7626026789230398,15.349665801591824,0.8121924597538629,0.6637766010664072,18.184814757721057,2232.974199311185,-0.0018948405765621843,0.003935140653792169
zigzag_0101,local,-6.749340260229002,0.8237752225854322,0.5790701778287497,0.7570620858609367,3.016941005226102,7,-3.9007665401719116,0.002690536932163324,-0.0019830119280725977,0.29387937834848143,13.125432340933273,6.910887609366663,2.6250864681866544,5.1375058928405775,20.79917789399013,68.07787940280362,110.45804762316764,0.003167155513703982,0.0011716523515166292,0.5109651498103136,50.78508355103576,0.0007075250040907261,0.004673548860235922
zigzag_0102,local,-4.121354401656328,-0.735473250128527,0.9602998513219513,0.34132879961583784,46.38485919796631,11,-4.735813847965978,-0.0005330066243291306,0.0025906408116880223,-0.2539138598882307,22.396852623874835,56.07641129330241,2.4885391804305375,2.228927256989239,2.5409846968043683,93.53340249198023,42.1117024831345,0.04438750804641336,0.016222527737458983,1.116473932752733,617.3372396006695,0.0020576341873588914,-0.003123647436017153
zigzag_0103,medium,-2.0271584222506096,0.8882484326357233,0.6509492329773581,0.3166611091380798,60.285033227932665,13,-5.183788655124249,-0.0009671631220213446,-0.0004507353865604931,0.21235918287735145,143.72176919917064,70.94836765533216,13.065615381742784,1.424107941730894,10.434491053470685,38.79580652187648,22.620134671803378,0.2819586828505352,0.13170925198423067,9.174596249960189,935.4521036180295,-0.0014178985085818376,-0.0005164277354608515
zigzag_0104,near_full,-0.544034358619438,0.3421025728394027,0.12884789015966405,0.39109604157830385,80.99378421452833,5,-2.781184021322618,-0.0009170228707472763,-0.0009531901500402441,0.15824373736345498,229.6068214445725,195.70087745834672,76.53560714819082,15.73913436640682,21.359704674312425,0.4354996286587293,5.745135226892453,0.8795615357470021,0.5804019729876408,4.862758355475149,1021.8054298707513,-0.0018702130207875205,3.61672792929678e-05
zigzag_0105,medium,-2.1570413854499764,0.24831333599898767,0.4561542546638411,0.16544013798542573,162.9042728225086,4,-4.1564745466706015,-0.0003197520119037295,-0.002420476987170694,-0.20363441553202344,97.80446616364553,91.55853212218013,48.902233081822764,3.9783204006888124,28.107074859143427,29.337472971240608,15.184382102701202,0.19632690227092922,0.1156668288607583,12.2921806582888,390.7166134226493,-0.002740228999074424,0.0021007249752669644
zigzag_0106,local,-4.946495665123346,0.9653490026375575,0.7042668885586492,0.7167654890587009,117.0470839308159,14,-5.271485687964073,0.0019440015437310046,0.0011319838937725209,0.0652677159701408,34.70073734198595,15.858941756590562,2.8917281118321627,1.3045375094275928,10.333815374876849,78.29378175051737,94.94558349276419,0.01630476921341144,0.007108275110273709,2.2166691957374223,225.1629920480926,0.0030759854375035254,0.0008120176499584837
zigzag_0107,medium,-3.691160919184907,-0.5479282492775585,0.7800922505819156,0.5387413407758208,101.44214349832488,10,-2.915553938744928,0.0020977818356123184,-0.00033215831314641715,-0.29144122754181223,30.501921535332045,63.309759061767586,3.8127401919165056,13.760199463219017,3.4463942975437916,66.18346393241687,66.29981432034826,0.06390030257945045,0.024943028387309756,0.2770846601539426,634.0152267521435,0.0017656235224659013,0.0024299401487587356
zigzag_0108,near_full,-0.21003195359742932,-0.0537652323282355,0.7412440801933772,0.1361500694348407,0.16411984680275182,3,-2.6181402431745857,0.0005904384018366399,0.0022593864056602384,-0.7915670745325303,222.61318614923255,281.89156146610566,222.61318614923255,18.526349644721858,38.29857861871732,4.447808443293265,0.25137350311212203,0.9412098377112068,0.8105583453013205,12.01603070320196,922.9759445104162,0.0028498248074968783,-0.0016689480038235985
zigzag_0109,medium,-2.4250316100432725,-1.0597451777493392,0.2657214779638688,0.08066082906796544,65.16434625437297,5,-4.508541858977229,0.0021509039027504916,-0.0015702275554679579,-0.15197085440740676,44.47582900261661,154.009241086046,14.825276334205537,2.7976853316662775,5.498478775745826,12.20186194790626,7.906251795851768,0.22781261955751939,0.08847532228911868,5.299122158736747,772.1819409068017,0.0005806763472825337,0.003721131458218449
zigzag_0110,near_full,-0.34426497832710307,0.06636896021597315,0.2321798735811406,0.4283428679594688,175.28274367785505,5,-4.436604254870874,0.0005973835211695797,-0.001362836576746907,0.15499885250302547,221.04941149731695,248.22580961726638,73.68313716577231,3.0063599023190117,16.532949907705166,1.1657961552092182,7.708627308773055,0.847045963354857,0.7087411021341187,24.509087254967525,1273.2445873828267,-0.0007654530555773274,0.001960220097916487
zigzag_0111,medium,-3.466761120766068,-0.5181148188634169,0.8692585079871223,0.5427205559789604,61.102618156291726,11,-5.287063435179645,-0.0005315562726785042,-0.00038686924990836025,0.6683496532643425,34.63609329628699,69.77896985261908,3.8484548106985543,1.2843732187483363,3.1567828670628377,75.81094781409115,64.85817108752161,0.06761919869632939,0.031217978355938987,2.9963679984303933,768.5230693332165,-0.0009184255225868645,-0.00014468702277014396
zigzag_0112,local,-5.376527197580156,-0.384298648017776,0.357373414321143,0.3324095958457215,47.50358749288094,14,-4.606072122311753,-0.0003254412341588402,0.0011835385389284614,0.11902053485828346,14.252343427113356,25.116915640046454,1.1876952855927796,2.537710114558561,2.7073099096419275,39.71620850578091,45.496643125047406,0.012731564885150795,0.004623851803322389,0.46801850171109133,351.9736037263693,0.0008580973047696212,-0.0015089797730873016
zigzag_0113,medium,-2.916439288144841,-1.3005349862200357,0.8382934372374259,0.9486400407255338,75.73688622236999,4,-3.168478938800997,-6.147663562954789e-05,0.0010252171839549929,-0.5656741251321116,30.841066500827804,135.87069655481017,15.420533250413902,10.685154286598998,6.4750308820003335,42.64011934325904,108.35657213783647,0.1501739247266819,0.054126071929969495,1.4431736628973038,545.2273271392622,0.000963740548325445,-0.0010866938195845408
zigzag_0114,local,-4.488213791804216,0.511544149830395,0.20197116285671,0.8147626152282694,173.23833194191508,4,-3.9166445026271965,8.190754594376219e-05,0.002141806178330004,0.2757822624043871,34.778502304776694,25.022535854369305,17.389251152388347,5.056576960673696,34.79712147935235,21.29790860792212,110.09069807820082,0.019239695937229993,0.011240704126141064,3.4389373063297644,110.98810596940001,0.0022237137242737664,-0.0020598986323862416
zigzag_0115,medium,-2.9583121298428545,-1.0232626855393947,0.825790149275799,0.967869252340392,124.06471364994604,3,-3.542953218070474,-0.0007724703995356166,0.0012513224823546632,0.6040098845618753,34.69330952647336,115.83086904291305,34.69330952647336,7.34765378211809,16.67384978270251,53.01980723503751,97.25981848259093,0.16842230142334466,0.05190645463174746,4.7216853917241055,352.57665010719825,0.00047885208281904653,-0.00202379288189028
zigzag_0116,near_full,-0.3664901714626926,-0.16279766689603153,0.3367455552061277,0.037150901052176055,171.91134541698523,10,-4.096761293636982,0.002520750154977562,0.002480255320974403,-0.4326443795751201,194.93971322984672,275.28572864740005,24.36746415373084,4.223114856307717,5.058465985552124,2.94487199021777,0.0009026897839061211,0.930992524818886,0.6931629492269819,5.770021650567987,2761.468190567897,0.005001005475951965,4.049483400315893e-05
zigzag_0117,medium,-2.501637440285167,-0.7040561815603638,0.22444822003876894,0.6959167639051187,95.90408594985284,8,-4.419996996220524,0.0006116658796157227,-0.002822389122308891,0.2516009570161697,51.13593382760233,124.07239109949859,8.522655637933722,3.0567041819713343,3.929531260397417,13.688066736186556,82.75072735513099,0.11422997618172755,0.08195069932389325,2.7881846363154703,994.3333509413162,-0.0022107232426931685,0.0034340550019246138
zigzag_0118,medium,-1.8415766414419772,-0.06979115276291377,0.3571651421864093,0.37447741761604053,92.00250899893597,10,-3.843718111509255,0.00296747837598374,0.0012428418814603784,-0.6885545454594244,97.67546190372107,125.68302710531121,12.209432737965134,5.439113867029245,5.548567631516446,21.314682796586155,36.91721238155061,0.1871929499509525,0.15856722526155226,2.2447466694852864,1261.563454330414,0.004210320257444118,0.0017246364945233618
zigzag_0119,near_full,-0.4764049775137831,0.2430056065843073,0.6932349720839943,0.002778968402574433,81.6539661270993,11,-5.021773180859633,-0.0005826686797282499,0.0012372387546946808,0.38620326072350797,226.02250671623838,212.7144235818509,25.11361185735982,1.674577820690669,6.733317788812046,3.0609745420495718,0.06724482067553704,0.8119746970432654,0.621011935445854,14.99698105818807,2353.154885666782,0.0006545700749664309,-0.0018199074344229307
zigzag_0120,near_full,-0.26379495688478766,-0.16336878865447133,0.6006071690344712,0.6202734993041008,179.7693416161446,10,-3.7369288289336553,-0.0004954203414953876,-0.002632920566260584,0.7074668013547589,205.15225160760613,289.87295468447536,25.644031450950767,6.0521007191829765,5.055592782325597,12.494443722415124,2.489495389516761,0.8141749457139573,0.768131023488614,4.237211613096331,2907.7864067014557,-0.0031283409077559714,0.0021375002247651965
zigzag_0121,local,-4.531214442902439,1.3411463222490607,0.34174690302956634,0.8669363469613155,117.62630891209453,6,-3.912748375253343,0.001471832501938896,0.001625939587149342,-0.47555818828363455,51.5370108423258,16.17513911934342,12.88425271058145,5.076316457414831,38.53895669445594,35.69882036287408,106.10726707468906,0.03494506022114163,0.01076759150404202,2.538110619908613,115.06802418865713,0.003097772089088238,-0.00015410708521044602
zigzag_0122,medium,-1.9308033268276539,-0.05437298642620445,0.8236436951800371,0.2828432116476735,165.8398992723649,5,-2.6680548929193617,-0.0009296682881345602,0.0018315835999338356,-0.07352848691878733,94.13652388994714,119.27606181577578,31.37884129664905,17.624313086076036,14.739251726213402,46.183623928447965,20.466380849242515,0.2933168534050099,0.14503164386379075,1.7804291800421819,608.5557660874191,0.0009019153117992754,-0.002761251888068396
zigzag_0123,medium,-3.560823479266194,0.0317177738400712,0.7694226854174033,0.44802459821478713,104.12355277700881,3,-3.303896949964892,0.001924482120191117,0.0007913550957001476,-0.5280263811456405,43.500890724290706,50.57134933521032,43.500890724290706,9.331887670407173,40.70173736602231,70.40818104738028,53.52707862785276,0.060379483381935786,0.028415415571472133,4.661531756563959,167.8494364664676,0.0027158372158912645,0.0011331270244909694
zigzag_0124,medium,-2.8872184907891576,1.1073798078122223,0.5721628353994404,0.8666144109888197,136.81761070372346,7,-3.479589579264964,-0.0009434410065713382,-0.0004156926792679332,0.34078924788124487,104.31497475037284,41.36175553398487,20.862994950074565,7.828294637528929,26.76651569914664,39.64104321084097,83.27706411468816,0.1679058141473901,0.0557310135490773,2.6650753345507905,314.3514119747887,-0.0013591336858392714,-0.0005277483273034051
zigzag_0125,local,-5.69602426039655,-0.8775082837998828,0.236561650527723,0.3278960659473718,146.57594686335162,10,-5.13622996826193,0.0020458062618349216,-0.002764045355239869,0.15464463426571817,9.493126352866991,27.396022414827325,1.1866407941083739,1.4934730277568902,2.480178945670352,27.076511344785626,45.02612764158759,0.009772562379364174,0.003359294623942536,0.7945512051802096,274.1657220878655,-0.0007182390934049473,0.004809851617074791
zigzag_0126,medium,-3.11028972824037,0.4096305020488224,0.1861260207503858,0.6603887060712583,99.36682981546079,10,-3.5912676847579696,0.0029372569056384215,-0.000745973238784997,0.3660903059445826,65.8253257384771,52.44136606785725,8.228165717309638,7.001095118090959,8.917133265806184,17.076807763832743,73.72251363418795,0.07424622988439139,0.044588035055741,1.1752683799492891,529.5463325450376,0.0021912836668534245,0.0036832301444234185
zigzag_0127,local,-5.698421587427294,-0.9679558325730605,0.4169623825371726,0.9220702479486477,5.429779815037449,14,-4.928215561655223,8.327127606664567e-05,0.00011926172731522699,0.7800500446453027,9.062504865091748,28.629078909710362,0.7552087387576457,1.8388101509641386,1.5110594749895214,50.09064028055638,126.06418926354601,0.0055642657246553285,0.003351250941657182,0.41070511730733544,400.9266142158184,0.00020253300338187266,-3.599045124858132e-05
zigzag_0128,medium,-2.007744223385072,1.0215706187315894,0.9857020967763013,0.9450536976734314,30.431350944249246,7,-3.2478617767568583,0.0014542243578639607,-0.00020609358804221135,-0.39764011170056224,155.12751632894341,67.02049061801941,31.025503265788686,9.86972992907178,24.840627902747332,35.873640661477964,73.20877305847004,0.35079373904809247,0.1342912643468365,3.1435007329229467,503.3080937567551,0.0012481307698217494,0.001660317945906172
zigzag_0129,local,-5.14616459021155,0.43861848997082314,0.2588713371320964,0.48225006846622603,134.08682242651741,13,-4.32392924639725,0.001821783086150139,-0.0023046334856142016,0.7836698456555851,24.13254192199075,18.67646702933657,2.1938674474537048,3.3649227994558535,6.699657481660889,28.351158524422495,65.03472574656816,0.015845340791670905,0.005821690530774573,0.6519815098903542,244.2066033132021,-0.00048285039946406247,0.004126416571764341
zigzag_0130,medium,-2.276581889079378,-1.1881463670193357,0.6201248624035021,0.22493720679927368,42.99400430623714,4,-3.2294455410716547,0.00011903182960214947,-0.002314562676287739,0.229513704359116,44.9239086187645,176.87407925923776,22.46195430938225,10.053177221109808,7.237481117675708,26.76415674034065,14.686897541620018,0.37732679152552323,0.10263442367875289,2.2343139701363577,710.3374421779814,-0.0021955308466855895,0.0024335945058898884
zigzag_0131,medium,-2.7885965975748004,-0.3302138784449203,0.14234117554778364,0.640389545497957,113.37310986809688,14,-4.020709888805735,0.0017366604034551214,0.002675300637743955,0.29507924053180656,53.406316688042125,89.16284921840057,4.450526390670177,4.556817112717853,2.8575233460714227,10.318021152738241,68.65394465730263,0.12728563590888026,0.061507473109591024,0.976674349788798,1249.6119368853351,0.004411961041199076,-0.0009386402342888337
zigzag_0132,medium,-3.482856480646723,1.0168253228858728,0.7818617060842749,0.4376626254650037,68.10111186717265,13,-3.930371927030577,-0.0012807812880226022,0.000389163983330124,0.24928408226939003,74.0187684047973,32.13079519258908,6.728978945890664,4.987637446281588,11.828199983629275,74.31318043976307,47.62871552045845,0.0719392620395598,0.0307195358260254,1.349131531384121,425.3678435030712,-0.0008916173046924782,-0.0016699452713527262
zigzag_0133,medium,-2.9287827532019572,0.010913527193418872,0.0248473704299726,0.8599273934292423,41.738843419440215,12,-2.897499998056837,0.0025219163151351935,-0.001488907911534311,0.09507827785820044,59.05089233319359,70.0919312235646,5.905089233319358,14.010881377387927,4.815670037250403,1.7826988249366755,83.15656634904123,0.15900692224652854,0.053462075093882684,0.4214645084961996,843.5862296241507,0.0010330084036008825,0.004010824226669504
zigzag_0134,local,-5.113865356733256,-0.6017188014172034,0.8410352176348835,0.36681691394729965,169.78818579063545,12,-4.121326316421652,0.0004709805290194248,-0.0017617819771836693,0.32609583521660235,14.578417592547277,31.931166725244445,1.4578417592547277,4.12063777276832,2.6140672047694635,96.38499690617029,48.78741573872469,0.012424806538872967,0.0060127963442900955,0.35379032073360894,383.5066218446952,-0.0012908014481642445,0.0022327625062030943
zigzag_0135,medium,-1.4935396047500409,0.9310164060963504,0.2537825745483856,0.28732054947582714,179.57484492990193,12,-5.265016257695775,0.0009328673240727296,-0.0017579496340997239,0.7405897822103278,191.72703498776602,90.68371729875767,19.172703498776603,1.3130044825924123,11.937893278354261,7.649340890969067,30.365960475209565,0.23377089007252866,0.22457633557773254,14.602161495230984,1108.2508761678673,-0.0008250823100269943,0.0026908169581724532
zigzag_0136,medium,-1.3725013849740195,0.6721692768117896,0.8214638659183269,0.2609788391469337,17.58272827027162,12,-4.230609122521351,0.0028770867585038774,-0.00255300206077818,-0.7404754972597,178.96105510752312,109.65296256982761,17.89610551075231,3.694056380918451,9.269334783698024,18.74500700263603,18.4735741082075,0.4393047401402189,0.2534721345242793,4.8445675066558715,1330.343403931077,0.0003240846977256972,0.005430088819282058
zigzag_0137,local,-5.535872003945802,-0.5849518040717759,0.16156468008425987,0.390331974043293,96.44260005619986,8,-4.297323843557794,3.9338669145918236e-05,-0.0011413455448851448,0.3811462827557415,11.90457003572386,25.641079257055736,1.9840950059539768,3.455649484401692,4.424704205271783,18.043825223671124,55.87053880854534,0.007331982536652567,0.003942769026380617,0.5741597968514742,205.58853176075854,-0.0011020068757392266,0.001180684214031063
zigzag_0138,medium,-1.9941428743504126,0.9216467186582935,0.891600786180418,0.7608202989785691,21.423312385325577,10,-4.435807452034437,-0.0013641492429365273,-0.00293122521082403,-0.7897655146823763,148.57445145018988,70.93479163187811,18.571806431273735,3.008756333031133,14.671590738721312,38.28613799956612,68.70161669668035,0.26970677442078955,0.13613028493500073,6.172585738295333,728.4750947539183,-0.004295374453760557,0.0015670759678875028
zigzag_0139,medium,-3.2075114911552545,0.8131216750336336,0.8346191340535793,0.8433251618757398,147.40580941735672,8,-4.0326824685451115,0.0006286613645560316,-0.002044051108189899,-0.237352697900176,76.71822996592759,40.826820911604216,12.78637166098793,4.502585550138284,17.389803846824584,67.2505237920558,93.97053889631611,0.09827247293520365,0.04045716612254058,2.8397842791893724,338.3471201510387,-0.0014153897436338676,0.0026727124727459308
zigzag_0140,local,-6.407117049450859,1.3641866843771304,0.1731383288079755,0.40865695839149296,170.38598235937198,4,-4.631656228398056,3.6712600650493695e-06,0.0007892504634500683,-0.19525701433856224,20.40681848533227,6.258896908584193,10.203409242666135,2.473608556715457,58.47453444810423,19.909393575317235,59.73928888892182,0.003856463106851433,0.0016497738691679184,4.124908613760043,36.45799855193283,0.0007929217235151176,-0.0007855792033850189
zigzag_0141,near_full,-0.49804041640427826,-0.051716291187980046,0.025126302887458873,0.5190056742653505,172.22000891028745,4,-3.9153656063204023,0.00046336151681086084,-0.00044699420457744096,-0.28600809502459534,192.95479008927984,243.83548624786366,96.47739504463992,5.063047935244482,21.587017855649044,0.3029175950258614,8.145000746871926,0.8118721469950821,0.6077203725338677,19.055200795759653,1012.1273848250328,1.636731223341988e-05,0.0009103557213883018
zigzag_0142,medium,-2.879908702617517,0.002807468733527873,0.4363091627488844,0.5555121341871792,5.031434438852132,12,-2.620151183948819,-0.00033204823579865007,-0.00032171036832398915,-0.4796427160821488,60.26693731201199,72.11757246736543,6.026693731201199,18.489131686920107,4.7769723661061905,36.56292273656213,57.67197578240126,0.10843473969611171,0.05613988802500147,0.325958721764349,867.9246706234342,-0.0006537586041226392,-1.0337867474660917e-05
zigzag_0143,medium,-3.1635467148578336,-0.46856598153195206,0.9991304130681394,0.9836747620587908,19.492755155742124,7,-4.135953544194207,0.0014104838977224286,-0.0003460624248528025,0.5580743743228824,41.317160362902314,79.21498275668222,8.263432072580462,4.060802941183271,5.955357251818682,91.63765958197425,103.85402466094943,0.08535428529613441,0.042275535599726945,2.0349256519629573,556.6540796362918,0.0010644214728696261,0.0017565463225752312
zigzag_0144,medium,-1.511325276620687,0.5072151286242826,0.8312708771805196,0.2024965203326993,146.32358224378956,13,-4.269954277072661,-0.0010416445384133894,0.0024664755731135498,0.2991957711227926,153.7425104562305,111.0949922297499,13.976591859657317,3.5515353038262285,7.170570743191377,24.74316690154573,12.369835987699753,0.4587394292880507,0.22061740504315686,3.9353661625156047,1453.8679182730823,0.0014248310347001604,-0.003508120111526939
zigzag_0145,near_full,-0.42063707460457006,-0.2343798458080511,0.48197917149312985,0.8059748101505205,176.4306626728595,3,-2.8197861144831733,0.0006406032807405805,0.0020265459908635226,-0.7828055408648218,183.06216723373356,277.69606088161845,183.06216723373356,15.143148001755124,33.39357907201277,9.145084886497498,0.07628314634373155,0.8500699690681045,0.6566283652796707,12.088778846546058,887.9982842158876,0.002667149271604103,-0.001385942710122942
zigzag_0146,medium,-2.8022467043725845,0.5829401086711321,0.6238587844253977,0.5541091203640613,79.77056794293003,14,-5.110234445328128,-0.0004086630653217932,-0.001425877948195531,0.08571391179267374,83.73700287985827,56.09588267824497,6.978083573321522,1.532805661339734,7.090919614941087,56.816147755210814,58.36190368779426,0.08738303380223261,0.06067359375163254,4.552490735989581,790.5306226750916,-0.0018345410135173243,0.0010172148828737379
zigzag_0147,medium,-2.1100527884488143,-0.5034196975168378,0.11614136121403928,0.07637477034028844,93.55255285505817,5,-3.2554951874532816,-5.5834358919873255e-05,0.0026096224291645336,0.12353449160228269,68.75833902057,136.50200161265872,22.91944634019,9.794677046237133,9.531373730404407,5.988073589434684,8.29937141606576,0.17046565232713248,0.12123156663811537,2.3399899998739695,688.2423410305207,0.0025537880702446603,-0.002665456788084407
zigzag_0148,local,-4.417066614250751,-0.696655882289554,0.6568470108536909,0.3741166848949332,56.218991162044794,9,-5.444690717022504,0.002514418946898756,-0.00042734839964202534,0.25816783222891004,19.697131554039807,47.439274322626844,2.813875936291401,1.0970706147397897,3.3945404527410763,66.37311236911368,48.734183126828285,0.02968024044974091,0.012069585156666092,2.564899559322181,427.5371268543115,0.0020870705472567307,0.0029417673465407814
zigzag_0149,medium,-3.070750119219386,1.0419057875664999,0.9587772566393866,0.718945095937272,49.731712260115074,11,-5.1211112980699385,0.002337745345991387,0.002253855475300698,0.6679055888632168,92.10342230901223,38.99088381291925,10.233713589890248,1.5162239020329946,14.706388307823506,77.93867413051093,74.47670042949852,0.11527099008314709,0.04638634651382255,6.749473858160792,440.78536609552054,0.004591600821292085,8.3889870690689e-05
zigzag_0150,medium,-2.9238622707788835,1.1780822747376316,0.9890073255508484,0.8788308194020009,28.540268455576356,13,-3.966925395343176,-0.0010650989971341717,-0.0008647185746905582,-0.07192836472481645,106.10660210580349,39.20026672781387,9.646054736891227,4.808613897908023,13.824183467936102,67.02336021615697,93.65979086313197,0.14024428263627825,0.0537257825465713,2.005994854585377,522.4664984943606,-0.0019298175718247298,-0.0002003804224436135
zigzag_0151,medium,-1.3377349011786133,0.6263060024671983,0.1318428229135282,0.6669265241958783,21.20585791557697,12,-5.149893616889867,-0.0008474022233917639,-0.0019152000899687167,0.7073364769285506,177.9708579778075,114.16392703694821,17.79708579778075,1.473205516466504,8.860558031358412,2.95844834482476,44.04534100055238,0.46653196386668355,0.26243944712528006,12.080518026070937,1383.7558483423063,-0.0027626023133604806,0.0010677978665769527
zigzag_0152,medium,-1.6633436215732051,0.7205038051412223,0.6836112735649367,0.05973973837112602,117.17553186974601,5,-4.049475333427528,0.00044703938816310234,0.001544481563915446,-0.012851493319238072,158.52532485237055,92.54843327464187,52.84177495079018,4.427605565769777,29.724788678009006,31.892330357566536,3.451298845392818,0.3928266875550742,0.18950428898051827,11.934616615200499,504.8111000983504,0.001991520952078548,-0.0010974421757523436
zigzag_0153,medium,-1.1103706093674912,0.7364615102672336,0.37643916394347116,0.590208483050123,123.44366840336517,8,-3.9283388724912855,0.0006956552137725308,0.0007811877525616719,-0.2159906128006499,210.6882847016042,121.054367636762,35.11471411693403,4.9977878999487935,16.176065319928366,5.63723503788877,16.335795797626943,0.7218861276234271,0.32943684606695456,7.026051289070073,998.3754280295993,0.0014768429663342027,-8.553253878914105e-05
zigzag_0154,medium,-1.3814807588580011,0.6041161466243877,0.5939863140164781,0.9116617312146369,30.334766539915847,8,-4.889341170832653,0.0020055355801989827,0.0012301041616801537,-0.08965119468026694,172.19920252782129,112.940075311422,28.699867087970215,1.9117003778151356,14.25797848122641,13.578734401136598,53.66848065368712,0.5032498908762453,0.2512063015641978,15.012743325798274,925.0576297794639,0.0032356397418791365,0.000775431418518829
zigzag_0155,medium,-2.718132191824665,-0.04433796487534037,0.31485490575121083,0.7723593132048465,72.68866897497621,11,-3.427353750393298,0.002835058612984885,-0.002341256865450384,-0.2894636467092968,63.822078512018734,80.05858749573912,7.091342056890971,8.248080582616105,5.0618722547809325,23.33830311401613,80.98867827512589,0.12987932016967635,0.06599791081171574,0.8597566410586349,883.465521006343,0.0004938017475345012,0.00517631547843527
zigzag_0156,medium,-0.5555391711578497,-0.3127544072831132,0.4195507880028568,0.9948056776162171,7.8045123150808795,5,-4.378970812370029,0.0009565613538540371,-0.002453884830097167,-0.22091003189246816,164.54555760631985,269.95720376877944,54.848519202106615,3.184717075080569,11.484735328823167,10.642422122413334,5.676089871710339,0.7703046199498644,0.5737628214186753,17.2224150243296,1366.332744294373,-0.00149732347624313,0.0034104461839512042
zigzag_0157,medium,-3.001487147764972,-0.3840489582314495,0.7442871014011851,0.3692096608261797,72.23428719661148,14,-3.508580816512063,0.0029879661724107978,0.001614242016744291,-0.07098463655905074,46.73840548787398,82.34656380565089,3.8948671239894987,7.604600936538188,2.70798497543714,56.47538014640043,41.64723789611459,0.10459204522733254,0.04971308266788598,0.5121724540831124,1153.9566034930713,0.004602208189155089,0.0013737241556665068
zigzag_0158,medium,-1.4235068571102918,0.20193746804896545,0.7538318595389296,0.4741827662553535,154.27665365329761,7,-3.305959750073671,0.0014822688272428382,-0.002758131683187946,-0.04953621587541268,137.90286665205576,135.22413503272358,27.580573330411152,9.312657692125054,11.52803536248256,22.102629726453248,26.243970500806952,0.4898128314574472,0.24086784494747113,2.9616221536558536,960.4891152438763,-0.0012758628559451078,0.0042404005104307845
zigzag_0159,medium,-1.5243761670707894,-0.7595519265697563,0.11762906642417045,0.8412134464301833,124.27839424074372,14,-3.8921379300521233,-0.0003298692937909059,0.0013329403754505451,-0.3508958736556344,81.07464067679207,207.9387787744927,6.756220056399339,5.1820272305824435,1.8609648614644212,1.7241471118686862,47.73569265825731,0.5552102984923615,0.2177568584009258,1.3037793426724162,2912.4596693141125,0.0010030710816596392,-0.001662809669241451
zigzag_0160,medium,-3.903847093381984,-1.158176981230762,0.9025315536080173,0.9036362202434461,111.57795966882951,8,-4.6980309115453975,0.0013544571426297694,0.0012891382418010197,-0.4312920021564127,20.21292456415959,77.23253203908173,3.368820760693265,2.314753854356209,2.4976124828952018,77.50156291051306,115.03119652301797,0.053341152787806684,0.02016418852177493,1.4553688956401882,618.3008825586649,0.002643595384430789,6.531890082874968e-05
zigzag_0161,medium,-3.0980666406681787,-0.08174114381291944,0.6108436213413644,0.9185740011957404,172.04258415275916,10,-3.3153006106165495,4.7143539948778105e-05,-0.0027640002272991547,-0.22247438433924094,51.80208372345923,67.45718331719122,6.475260465432404,9.22607446580394,5.483060960068802,55.87498474052092,101.2298625689491,0.07745739491687613,0.045136382937900114,0.7018435077055456,677.052390635464,-0.0027168566873503764,0.002811143767247933
zigzag_0162,medium,-2.31966782474525,-1.3397114431533441,0.7770006896401925,0.6349055235355937,165.31703996016984,3,-5.012052925770714,0.0028535123675563433,-0.002471324923902407,-0.22804402880602337,40.75769405660212,186.73259739232026,40.75769405660212,1.6909345110895198,12.312712659203807,64.17165021449411,35.481795698581344,0.22146072575671427,0.09830623508006861,24.103650253338742,564.594084682777,0.0003821874436539365,0.00532483729145875
zigzag_0163,medium,-3.693820808054722,-0.9268813131802934,0.046318522941262395,0.16482094840253544,156.02131997325054,8,-2.705989234183359,0.000929953264820654,0.0023812724899426423,-0.228898978043516,25.203508383666694,76.41553982768717,4.200584730611116,16.96826836076134,3.1463992314681803,4.111160655219229,16.67469211814606,0.10122401940362898,0.024876770861614814,0.24755529800111215,612.0165182447224,0.0033112257547632962,-0.0014513192251219883
zigzag_0164,local,-5.593380506870625,-0.08682311202453535,0.087448076061125,0.5995093000676803,142.8636850262998,7,-3.6291986608709075,-0.0006645021297915979,-0.000966827318374156,0.3144075398998005,14.838608367557534,19.421430598370925,2.967721673511507,6.740510110748467,8.687965119141241,9.663134031446745,81.20834884855282,0.014441840718820351,0.003722422894926901,0.4402814660539054,137.07719053465308,-0.001631329448165754,0.0003023251885825581
zigzag_0165,medium,-3.855688653814159,-0.5619689083515275,0.6257479134902335,0.40188366764107686,65.86656335116932,3,-4.085129951728244,0.002189710117526817,-0.0025817251918479746,-0.49852527082671805,27.896618644242803,58.72091408813771,27.896618644242803,4.272522128542571,25.41104929469156,57.36846999520521,50.17254111347201,0.05028736586046143,0.02115902704701317,6.529309341168657,182.45234334981302,-0.00039201507432115763,0.0047714353093747915
zigzag_0166,near_full,-0.4858977517863292,-0.19018407579958302,0.9807476357510625,0.2902837051324202,171.73279834867972,12,-2.9556175361619417,0.0007864399214888356,0.0012313666392208562,0.5255415719525744,181.144191678596,262.9066393823304,18.1144191678596,13.219813552159776,3.9414830277964508,10.764502326219736,0.5218476866124842,0.9027996983207046,0.6151447015449445,1.3702477040532974,3161.112753456288,0.002017806560709692,-0.0004449267177320205
zigzag_0167,medium,-2.3407118264063156,-0.08961398658226769,0.4026787111077523,0.2569090761061317,138.02178854383797,5,-4.858919674428824,0.0003052001908732029,-0.002655236521169929,-0.590649855096416,75.35206728964702,98.89976909565065,25.117355763215677,1.9707508112235999,14.250007711226148,25.9830926408102,22.87720402379049,0.20449116813631543,0.09625909407260758,12.745069351320378,503.9178372022892,-0.002350036330296726,0.002960436712043132
zigzag_0168,medium,-1.597181919534116,0.4148123083549611,0.3825859019682613,0.7758067341203507,153.0949914580585,7,-3.4330885956350388,-0.0013050320468298352,0.001459299953466389,0.5400266004010592,140.63240951132855,111.4592117271901,28.12648190226571,8.20091449131875,14.162777107211953,12.84129945937758,50.7157135250564,0.4201306600655606,0.20246628107017467,3.4296762796441285,797.6847860541124,0.00015426790663655384,-0.0027643320002962244
zigzag_0169,medium,-1.142349481230445,0.09868067314903033,0.5264734795961429,0.7814876821521041,118.87417149068965,12,-2.8179158513558926,-0.0006465410915890036,0.0005109505434117536,-0.3471674496925082,150.73146301590225,163.8810314548023,15.073146301590226,15.171496174101275,5.255059892895095,4.499867764245238,28.54753228211022,0.7091346633737813,0.3190684950469321,0.993517457251254,1973.489628763657,-0.00013559054817725,-0.0011574916350007571
zigzag_0170,local,-4.897205419994808,-1.002108134673939,0.19412767717586396,0.7356899313816391,81.28890395947624,6,-3.161017106095989,0.00204405089201476,-0.0021586940172103877,-0.46820051418254177,13.298848994078783,43.47157086688182,3.324712248519696,10.765183330654535,4.3734759243150085,19.096760661902177,100.34784104972553,0.023666254949860438,0.007467422247892716,0.3088393524197929,261.33723269649255,-0.00011464312519562751,0.004202744909225148
zigzag_0171,local,-3.581731686676796,-1.1920808516225343,0.07679675085553407,0.1450810197611948,90.0018805643952,8,-4.50984495366246,0.0016851829578080667,-0.002444738715419962,-0.5915493588187639,23.34605450453171,92.28027434698446,3.8910090840886182,2.7940420570610613,2.414453363472795,6.1024551210940245,20.21390511466205,0.03210535527788368,0.027827468051824844,1.3926093468261576,738.7341708277712,-0.0007595557576118954,0.004129921673228029
zigzag_0172,near_full,-0.1084970568041288,-0.006188864254558492,0.055124124381143995,0.3930591941526915,2.5493098414934976,12,-5.387980805292454,0.00032432975460381925,-6.822456456580988e-05,-0.6032392838925993,239.84462227337607,289.6003090109364,23.98446222733761,1.1610833152002635,4.734385210673976,0.008268320218909886,0.7088108665971455,0.9870001177832501,0.8971815353940759,20.656969154018693,3485.118603918317,0.0002561051900380094,0.00039255431916962913
zigzag_0173,local,-4.941090531205513,-1.254118426173363,0.7189759293093338,0.05726259194289275,1.9427181313515358,6,-3.772472307217255,0.000604544990490204,0.0013429488066915426,0.22120488620694223,11.469941012095967,48.239094007157746,2.867485253023992,5.840766041930159,3.4018404360567778,84.4314707025479,7.162530558363897,0.01350314069453055,0.0071468003123133705,0.49094335099859493,289.77516832420906,0.0019474937971817466,-0.0007384038162013386
zigzag_0174,near_full,-0.36348702609542494,0.13000359088794003,0.8160561223166294,0.41272370604187075,3.2139865659664086,10,-3.160452531332664,0.001635656580208462,0.002760143575701239,-0.5866025681811688,226.01300670647217,238.15233104121685,28.25162583830902,10.771262797480881,6.765288598859146,1.4820423877689486,8.872026534522044,0.8466652753530942,0.6952477472355763,2.622870351368304,2394.882254243846,0.004395800155909701,-0.0011244869954927768
zigzag_0175,near_full,-0.2514079635085603,0.02034597027758288,0.40623410892611345,0.8562456032491154,0.9734157478668194,10,-4.630246958997082,0.0014973415048877394,-0.0017418943588898331,-0.4356667607996201,226.28681111423538,266.0751684234827,28.285851389279422,2.4770969950617827,6.068194086717143,4.205905801541768,13.871237306339058,0.8208433265551783,0.7777050315584891,11.418951880232662,2672.7459121450343,-0.00024455285400209375,0.0032392358637775725
zigzag_0176,near_full,-0.3190826357216003,0.28057318954077665,0.8206094281319803,0.320352890689713,86.1971616200575,12,-5.217056544513093,0.0016497205139864375,-0.0002697128084032715,0.09696103720653593,249.15608411814156,225.8402545751373,24.915608411814155,1.3775102768226892,6.295641785551401,4.376435017502237,6.366724678858519,0.8330754524172428,0.7268154859025333,18.087421074842005,2723.785439145667,0.001380007705583166,0.001919433322389709
zigzag_0177,medium,-1.490729835976392,-0.750740496034168,0.09013168665059555,0.2589555956587442,11.72907146824217,14,-5.327644726512416,0.0017772604016190181,0.002517187730991819,-0.21957549566051182,82.81416329191265,210.53694614328006,6.9011802743260535,1.233295112338577,1.877423345495978,5.798078698212893,10.405619416688744,0.3633596412358374,0.22520823047629285,5.595724985271384,2948.874162322638,0.0042944481326108366,-0.0007399273293728008
zigzag_0178,medium,-3.6645266960673966,-1.3712066032178556,0.8017618099936954,0.29251128082222894,77.64862937673959,3,-5.443684821890076,0.002228176514317476,-0.00040501270759634106,-0.719448452578348,20.480385379976155,96.83376809311021,20.480385379976155,1.0981747079389776,11.942092472006893,61.62300465066385,38.43197974833147,0.05443800924363314,0.025616292707004665,18.6494782951368,292.6434162198053,0.0018231638067211348,0.002633189221913817
zigzag_0179,near_full,-0.39920824041448716,-0.07916450421066062,0.3724720967986167,0.18048856100726227,5.7381309899204656,11,-5.103868414648293,-0.0010008865570070961,0.0014314931175459606,0.246544805626979,199.9661085034935,259.7277470619556,22.218456500388164,1.5425946747264305,4.889473855701048,5.098898752507049,2.22827437194013,0.8199327331241263,0.6708509885191132,14.403301699669402,2865.54269511501,0.0004306065605388645,-0.0024323796745530568
zigzag_0180,local,-6.367386391691119,-1.0583308087967556,0.6524990583537862,0.8468563250194382,23.59058772194608,8,-4.453660088326193,0.002379307522403192,-0.0017763018181605123,-0.24253750076598057,6.19954354008973,21.437206467736402,1.0332572566816216,2.955518730274773,2.759477967110727,76.94533430003892,118.04413717135817,0.006100249904984817,0.0017166399920772234,0.34960267586785354,171.6469717403611,0.0006030057042426798,0.004155609340563704
zigzag_0181,near_full,-0.5394135373361061,0.4810151293826384,0.3783985151485235,0.26108543931075984,101.36461602149487,14,-4.618906348401179,0.001974702434295009,-0.0021723718785260295,-0.1383324271064127,246.6906353239965,182.99182696545572,20.557552943666376,2.5053486803865432,6.409811460258557,4.358263621801956,3.1248550681751524,0.8378973187809142,0.5830901127008171,8.205465811846441,2575.6989133168167,-0.0001976694442310206,0.004147074312821039
zigzag_0182,local,-5.558003834896936,0.7231225995697543,0.6488463960035213,0.1886502122017401,1.4415902495706499,9,-3.0519454062543048,-0.00019027428194792035,0.000578658663751883,-0.4338193503979611,22.643971314158147,13.18516859469171,3.2348530448797352,12.005787927103613,13.784692199833557,70.96026128773363,26.29268032514795,0.011870639167059676,0.0038564668639115094,0.2694411282725482,121.40366981288031,0.00038838438180396266,-0.0007689329456998034
zigzag_0183,medium,-1.1313809636213144,0.2738914192903882,0.06520904334566822,0.6914984846459805,84.09096480796816,14,-5.198153405183064,0.001759495195770372,0.0024232824220648402,0.3461266364227866,165.4368407106668,150.96071423818591,13.786403392555565,1.4037972155953469,5.218030973451121,2.7801523609246517,42.582483540247786,0.39587479547078935,0.3225874671269045,9.820794085781674,2120.988527651108,0.004182777617835212,-0.0006637872262944683
zigzag_0184,local,-3.4641390120438493,-1.3007336083520735,0.6987614240029167,0.9856592018226936,89.41783250005464,3,-3.379685247404353,-0.00038337805576244216,0.0010121108203419542,-0.0941032664007434,23.450643991060904,103.33262169518765,23.450643991060904,8.650775928298273,12.786315901879743,49.505924270283565,133.83400034227486,0.04821421261088737,0.03129994270202768,2.7108139414811974,312.6254406816047,0.000628732764579512,-0.0013954888761043963
zigzag_0185,medium,-2.690567158212918,0.13291591807043798,0.7496355365838209,0.7576001712559884,51.46552693464038,13,-4.322265066768564,0.0027770613643711777,-0.0021262452948533003,0.2127990961134858,70.7044594756023,74.2853891490458,6.427678134145665,3.3705272975831466,4.945304216811944,55.13843300370617,75.18331841649561,0.14679938981328153,0.06784245105501031,1.9070244999216184,968.7632706764251,0.0006508160695178774,0.0049033066592244785
zigzag_0186,local,-6.5896631619928066,-0.7589058376511053,0.13256396501189371,0.34673015716511146,51.96793283438174,12,-4.398434864082137,-0.001457075347345938,-0.0003544752005711616,0.3212817289352847,6.443357577351356,16.515133818265785,0.6443357577351356,3.1233289461592975,2.2342540753990088,15.419667468098176,49.43771183481485,0.005417874848467408,0.0013745028704622944,0.20629775756647853,198.30725139528798,-0.0018115505479170996,-0.0011026001467747764
zigzag_0187,local,-6.05819222475608,1.1717130449580526,0.022036777187249237,0.7905423256653302,144.24962879749657,12,-4.6236367717327465,0.0005994047856081471,0.0026871222624058316,0.6570838420127039,22.067251503855605,8.20466741225257,2.2067251503855605,2.4935253073624692,15.054007464156111,2.5101733007068847,111.37472977090084,0.007789480157894209,0.0023386247764335673,0.8849820548722355,101.37179902783642,0.0032865270480139787,-0.0020877174767976845
zigzag_0188,near_full,-0.2784017521061162,0.0278789083127872,0.022670431524654838,0.8487451434179953,176.2755065892096,13,-4.528639169132782,-0.0004716852110495304,0.0012184488993270005,0.7682421665747143,224.09562209575225,261.52123730297325,20.372329281432027,2.742020610993987,4.454307362151702,0.11873866252287622,11.18635817170566,0.8758435124538556,0.7569926370288074,7.429677661703287,3408.4913326972355,0.0007467636882774701,-0.0016901341103765309
zigzag_0189,local,-5.992163121706151,-0.621480332197876,0.5891405693397496,0.7517860056265853,140.59070704445523,3,-4.873334416853273,0.0014642383006144518,-0.0010717557700829384,0.7164956453379923,9.304633855196288,20.786722240661064,9.304633855196288,1.9425467116757584,24.114430560836457,68.0104683047593,105.28700337282437,0.007376668275593859,0.0024982541733706443,4.789915114663857,64.34764112334791,0.00039248253053151346,0.0025359940706973904
zigzag_0190,local,-6.277752294294344,-0.045141245425801765,0.6565612435322804,0.5684695135300025,104.50566610957183,5,-4.958209317100855,0.0028668076255953232,0.0010976269538494152,-0.3333068053924443,10.760558915006696,13.508921234528266,3.586852971668898,1.7844762412709203,14.869920477502097,77.49125958954103,82.0938874248836,0.0037036650908435567,0.0018776161833540825,2.010031228610984,68.94883583255233,0.003964434579444738,0.001769180671745908
zigzag_0191,medium,-1.441602904039565,0.900599507836112,0.7439529812923589,0.17324919451436646,171.80775974668222,6,-3.9447040597774627,0.0016903336101116492,0.002227532142352515,0.13933828934846682,193.8011375047142,94.49572712553653,48.45028437617855,4.916663781190674,27.145330639890044,16.048646618394283,15.426609747903472,0.3451136156098892,0.23654829042749154,9.854300910615713,613.7619334723379,0.003917865752464164,-0.000537198532240866
zigzag_0192,medium,-2.644980337712172,-0.33533158477387554,0.8472913769178829,0.0548451749856519,88.14907136962036,13,-3.340622556899008,0.0018480403134987413,0.000877662991528156,-0.6403869130302834,57.235727255714764,96.04640377559417,5.203247932337706,8.995385378494976,3.1009282656591184,62.22245476217264,6.450085453634962,0.09629186260797189,0.07100674988106517,0.578435243561323,1250.1524663321343,0.0027257033050268973,0.0009703773219705853
zigzag_0193,medium,-2.9125672500496167,-0.2603773501223311,0.4221888368761803,0.7606947900897697,172.57818552444996,3,-2.6628174582838833,0.0018561497738108098,0.0012307474423890784,-0.38374916440507434,51.98015270286927,80.92808120006352,51.98015270286927,17.716861420229407,32.71265631593732,36.338769649151445,75.30061303402093,0.11294242918403724,0.054336056414035605,2.933936856531342,258.0397919934091,0.003086897216199888,0.0006254023314217314
zigzag_0194,medium,-3.3206855041038414,0.14385664150630428,0.9218258071572868,0.286156600319202,33.09910857662834,8,-3.413592169233949,0.0006701397646718885,-0.002108017831472327,-0.3793322142037906,51.87929839371089,53.913707062278675,8.646549732285147,8.362371823343967,9.111369278016758,78.13655329502625,31.438927540279952,0.09281983947957623,0.03612805733196769,1.0339829315108764,435.44338249747227,-0.0014378780668004385,0.0027781575961442154
zigzag_0195,medium,-2.170304383197303,-0.20968737217675315,0.552605536207032,0.3335865302002787,170.11599480350444,12,-4.522727938732997,-0.0010993088381655168,0.0014760755593599996,0.4155491315281168,77.27251961379625,114.35953693992683,7.727251961379625,2.7582773278482704,3.8655889574540043,42.8416631236552,29.302727633176495,0.16501986297767912,0.1141428684514326,2.8014775321405576,1374.9221148804058,0.00037676672119448277,-0.0025753843975255164
zigzag_0196,local,-6.8870659103750524,-0.20512190325311935,0.3315572703255026,0.2581568215962733,129.54158788248907,4,-3.0869175139320753,-0.0009228421924112956,-0.0018528198805467775,0.5443794854897763,7.324613289040401,10.790691024316885,3.6623066445202004,11.593177204975618,18.74695578049612,37.249565648630394,35.6205920651472,0.010916434527445522,0.0010209048772738599,0.31590189468926544,44.371862757979926,-0.002775662072958073,0.000929977688135482
zigzag_0197,local,-6.3835406038469955,0.5571297486180462,0.6298851111711286,0.02888212967600879,148.03770449705831,8,-3.8375788957028587,-0.0005556216439388528,0.0019930768602967235,-0.7445991334507367,13.792553421760822,9.48129250895034,2.298758903626804,5.4726084709546035,13.628500229922794,72.3547415805436,4.071151839049977,0.007171391760956066,0.0016891318101586975,0.4200481207137817,77.49848173899078,0.0014374552163578707,-0.0025486985042355763
zigzag_0198,local,-4.943039425379778,-0.9300561752615223,0.4837688573758296,0.23310364338944034,92.8291454104983,4,-3.8255154311947335,0.0004990396896585427,-0.001931052859851691,0.07666799973506644,13.474330981549127,40.98328082385111,6.737165490774563,5.539026901730067,9.335254133416838,49.972340263233775,33.04402373194257,0.013033756336035835,0.007132885518454662,1.2163084979186989,165.03325066169205,-0.0014320131701931484,0.0024300925495102338
zigzag_0199,near_full,-0.11368383257695802,-0.038243340040810786,0.7603347037726812,0.04434874365660692,1.1782267843727778,9,-4.59225450764742,-0.0014919049836386784,-0.00045064664891406904,-0.42089576799977063,235.41988881712052,293.51700537671053,33.631412688160076,2.573018592749171,6.536490264570722,3.7899127024252777,0.08601111242884467,0.9485252923213915,0.8925401033815817,13.070800492050163,2655.096368099289,-0.0019425516325527474,-0.0010412583347246093
zigzag_0200,near_full,-0.4375791789517325,-0.0429752687000151,0.6724108873122525,0.34073788035691505,168.01752480342466,8,-5.3096302546446,-0.0011584990989524856,-0.0020899748076333457,-0.6379032402120004,199.74809410371168,250.22333740591685,33.291349017285285,1.2557135947352938,7.578497680821812,1.7367163473847174,2.9081102228795803,0.9247995106725992,0.6455974066782125,26.511896627433703,2015.0163067766557,-0.0032484739065858316,0.0009314757086808601
zigzag_0201,local,-3.9644433167916553,-0.1620022517667015,0.7504793691666907,0.21206081900093993,109.2988987490299,13,-4.7196069617982115,0.001177234918574428,-0.002989729291798327,-0.6290996301969458,32.26914410366865,45.53290681692228,2.933558554878968,2.2653455436913004,3.686312898194059,74.10013434300166,27.18714630254681,0.03533161665211319,0.01897859873951399,1.2949717816995097,592.9662177462592,-0.0018124943732238988,0.004166964210372754
zigzag_0202,near_full,-0.24262883005334474,-0.13652446398620724,0.22121860096654844,0.053510444652775775,175.88235062737417,11,-5.280944358048269,0.0009487293427782495,-0.0012999773962677076,-0.05123544271211511,210.13656313337646,289.0511438455021,23.348507014819607,1.2922564921203994,4.618119328055565,2.4631497336206203,0.0006549249687238223,0.9122538154086712,0.7845626658175882,18.06801293488431,3188.0358193341667,-0.00035124805348945806,0.002248706739045957
zigzag_0203,medium,-1.793406424455675,0.5877996590109413,0.7232619340066724,0.5760394523537735,74.06444463416047,13,-3.175717553392342,0.0019166853752430862,-0.0016988691588620945,-0.7794542906417407,139.00791643742446,92.67074011011107,12.637083312493134,10.608087836541605,7.765265689437101,41.08565107125443,38.18500771990248,0.3122987705960452,0.16639240004314948,1.191268728843125,1214.1539002519398,0.0002178162163809917,0.0036155545341051806
zigzag_0204,medium,-1.3960863967781174,-0.2933201215623453,0.7488318708552825,0.9407843640410444,58.29810453745654,4,-4.312538654852164,0.00039773991228500213,-0.0007187904892114049,-0.6357886336877028,109.13995046029778,175.61123963832293,54.56997523014889,3.4034703837584814,17.262269928323356,15.93284447090797,54.08407958810766,0.5184428537792481,0.24756393755551653,16.033627173769265,719.0114931632901,-0.0003210505769264027,0.001116530401496407
zigzag_0205,local,-7.096428177782287,-0.2576288713157497,0.10314167436250096,0.8103528057408709,29.25401054886342,6,-4.317183674499333,0.0028887467970940745,-0.0014551153459111748,0.3693468515497562,6.425701080844269,9.976737874209102,1.6064252702110673,3.3876978571645875,9.147088083040984,12.320645391011805,116.83034913826081,0.003207998115847152,0.0008280573209437114,0.47419378526147615,60.37444075608739,0.0014336314511828997,0.0043438621430052496
zigzag_0206,medium,-3.043634522955368,0.11795128045252336,0.4614023268429839,0.49964447885995655,31.2156474685184,8,-4.236369067224811,0.002709917689431189,-0.0004897448727783607,-0.541315737780482,58.82063012093436,62.73145033435913,9.80343835348906,3.672839981733891,8.882129577829318,38.328561094120246,53.86708027502014,0.10120566065736178,0.04766134805147951,2.669171105260352,506.4200131180093,0.002220172816652828,0.0031996625622095496
zigzag_0207,medium,-1.118389187322982,-0.46409024889975653,0.4478208707089673,0.8248832464545927,24.066389975758018,5,-4.081096717731448,0.0012703408613718064,0.0029225275883059546,0.07881157631257385,115.13375608790152,219.75347604081335,38.377918695967175,4.289789007318067,9.906274145649382,12.000214508309014,21.25382056451092,0.6556065222721714,0.3268057937817946,8.946341796880278,1108.7453952983112,0.004192868449677761,-0.0016521867269341482
zigzag_0208,local,-6.5603996068736325,-0.9099399337537597,0.8365246003881817,0.056262355255235506,93.47917758942164,7,-3.9380311135573454,0.0003903950413516443,-0.00048380909415510513,0.03022228820573747,6.06275608808361,18.073124259514255,1.2125512176167221,4.949582123198412,3.838301925783975,96.34732057535275,8.225860357915455,0.003784418402479145,0.0014153200257179307,0.24498052308972973,126.71502086292011,-9.341405280346082e-05,0.0008742041355067494
zigzag_0209,medium,-1.529140660110731,0.18689250755907053,0.5924889370263421,0.40718980639622304,67.45016819088079,6,-2.88612074644373,0.00032968460076901376,0.0018643311197266933,-0.7955717799503698,129.82796017517228,129.23587718327323,32.45699004379307,14.171225288551994,14.0979904876318,19.651407924490364,23.783008843468544,0.4556766351881989,0.2167218250272988,2.290344651426363,791.4688373459259,0.002194015720495707,-0.0015346465189576795
zigzag_0210,local,-6.430126527967477,0.44112876672090096,0.08410812926771966,0.4919626097593253,31.174790820412355,12,-5.38114943416057,0.002687427415499304,0.00151667184538297,0.4582632378420335,12.715673754181744,9.816142029317447,1.2715673754181744,1.1690422605440953,7.380902647584052,9.94300479955054,70.8951897186204,0.0037633652820264992,0.00161224682726652,1.0877000929173952,118.61386210725982,0.0042040992608822735,0.0011707555701163338
zigzag_0211,local,-6.114700958395023,-0.23123493928119612,0.33457666525247176,0.051081189225732335,6.694382544662955,5,-4.517456358484374,0.0017996588149936247,0.0016404045770393077,-0.009037670787865548,10.637296020244177,16.08557349780996,3.5457653400813927,2.7728562012187448,12.430992202637114,39.89540444332093,7.266474859999025,0.00406734585734905,0.0022101365933980084,1.2787411545261287,81.58635861515383,0.0034400633920329323,0.000159254237954317
zigzag_0212,near_full,-0.4703471071700249,0.31780224235295174,0.5166501017198781,0.7935693215177064,97.92089509576684,11,-4.024819440596839,0.0018301100678250314,-0.0013542495655658132,-0.3344087613002688,235.34719152939354,205.52776803197182,26.149687947710394,4.5381290628459166,7.250892526045434,3.327408621069564,15.179024308557024,0.8301445399692082,0.6247853631609372,5.762217774236593,2275.717177909267,0.0004758605022592182,0.0031843596333908444
zigzag_0213,medium,-1.344652587939028,0.11358734089350865,0.06099629120024067,0.09720818736274708,120.73463243901573,10,-5.0573397529202655,0.0029348108892822884,-0.001318625755885937,0.3591439554339113,137.2496655367248,147.0151818586922,17.1562081920906,1.6160655365918541,6.65613102854284,1.6858124022265786,5.32112732915734,0.5013613058819782,0.26063023822160747,10.616034933998776,1478.1330397106365,0.0016161851333963513,0.0042534366451682255
zigzag_0214,medium,-0.7791114911727379,-0.4357956783774122,0.14712712999979102,0.5880197026676199,14.59020806875299,13,-3.598215233995246,0.0018682496212932172,-0.0017503055386958492,-0.3486395256482265,138.36300219199384,256.7230602780678,12.578454744726713,6.952623240393303,2.805032370057841,3.453774562246869,3.828503574224649,0.7803340550549688,0.45881349009017997,1.8091667432298784,3340.787382497908,0.000117944082597368,0.003618555159989066
zigzag_0215,near_full,-0.3576008540408827,0.23064407586757152,0.5440151178130131,0.08129114308053187,95.41390779989833,6,-4.63673677374616,-0.0006278715384980006,-0.0012156674987915585,0.026953885652947207,238.37757780388128,227.1324571226516,59.59439445097032,2.461073146592992,14.701725197115787,0.7364729454172977,1.7629433575159055,0.8485555302761904,0.6993521628942382,24.214800171002775,1393.546724383675,-0.0018435390372895592,0.0005877959602935579
zigzag_0216,medium,-0.8624824470305459,0.04275651094201931,0.37403711152146135,0.899888714472054,10.131436898358723,14,-4.6947344089244325,-0.0014832021614557484,-0.0004320024464030967,-0.3988377878829968,168.59026420544618,193.84063353178445,14.049188683787182,2.3223970374690723,4.145437038516014,9.583950374410518,36.729436811776665,0.5844596351829603,0.42211290766211235,6.049434466682692,2719.8704127242236,-0.001915204607858845,-0.0010511997150526517
zigzag_0217,medium,-1.8059325302820866,-0.3341400700473595,0.6888876199667022,0.40257846410683223,25.82289732299386,3,-2.606699148959436,0.002576034889820606,0.0006283657251151473,0.22152358958836715,87.12100086026896,146.02233561838992,87.12100086026896,18.73952853093378,30.8214815266715,29.946439464125877,22.218021814266145,0.4195310904722388,0.16432115065808264,4.649049772861484,462.0817004108533,0.0032044006149357534,0.0019476691647054589
zigzag_0218,near_full,-0.16477542733590977,-0.02669129568770633,0.669097585676392,0.8610480009595167,0.8892076945757239,7,-5.10226988568563,0.0018047918557226369,-7.568718148986313e-05,-0.17300269969231918,230.8113950787287,284.46600553919444,46.162279015745746,1.5450625289343354,9.217435405240446,5.7652540987134016,6.551473268990044,0.885615141599087,0.84808413921837,29.87728855710773,2009.8680290138882,0.0017291046742327737,0.0018804790372125
zigzag_0219,medium,-1.6523766854709367,0.3689978677810175,0.3956973743303228,0.8831868929330071,52.26782508792786,8,-3.4661715847128614,0.0027400397521202594,-0.0024333805676987055,0.7155540525396398,133.7062003563481,110.93767389652898,22.284366726058014,7.934042528048182,11.358011527158558,14.503689502039025,53.00600271077789,0.4312369393056641,0.1915940083735883,2.8087027070095743,900.7975654574572,0.0003066591844215539,0.0051734203198189645
zigzag_0220,local,-4.038452643480911,-0.15139763369436593,0.19851043913518715,0.7496508252816466,156.2254880684725,9,-3.984537929469681,0.0013021060924996632,-0.0019944486646228657,-0.32974214180059236,31.262182131617624,43.64672797169963,4.466026018802518,4.724663481434021,5.84229336373841,20.00654441208912,92.21671269321133,0.03980573468893951,0.01762472305707684,0.9452580138992246,394.41579362135496,-0.0006923425721232024,0.003296554757122529
zigzag_0221,near_full,-0.43172807565177623,-0.12696099471784156,0.007842449659868104,0.47001223066024256,171.80128361759373,5,-2.831304178700327,0.0029200109409531915,0.001983909687804956,0.6696212197542726,192.09494054820362,261.71922880232415,64.0316468494012,14.96972889405838,13.747802049110092,0.037619975043126294,0.33139170580079863,0.9577769046780424,0.6493859365261351,4.277408582517212,1331.7534077992912,0.004903920628758147,0.0009361012531482354
zigzag_0222,near_full,-0.3942940394068499,-0.1538034960954474,0.21833682928264045,0.9970709779848697,5.5579107138148816,6,-3.203011886705957,-0.0011230898829068883,0.0009387283777342352,-0.4436645421101076,193.11492910581262,270.2670521339789,48.278732276453155,10.32246285490641,10.128114617520362,2.657531475146334,2.904624291192413,0.8868766046955926,0.6741557987229304,4.677055558839391,1638.7152584272324,-0.00018436150517265313,-0.0020618182606411233
zigzag_0223,near_full,-0.3173513147310477,-0.10463135597628181,0.4964760103422198,0.48828964929266455,4.0747206299419885,5,-3.3617202165677824,0.0025731371668146004,-0.0016018581173571128,-0.19588286648382525,205.68439516266398,274.04596407974316,68.56146505422133,8.807591767736193,14.04607669470713,4.95268897902074,1.8116030872908409,0.8990190324854622,0.7280749267431219,7.784360000127892,1395.5686442225258,0.0009712790494574876,0.004174995284171713
zigzag_0224,medium,-2.6877944324410894,-0.7351215309755249,0.7181741843143651,0.2973232558248775,50.33599071674319,5,-2.643200435010093,-0.0002106377724712255,-0.0013083957362820405,0.7097186060086282,45.872980578114706,114.81468261835319,15.290993526038237,18.067844872722187,7.585998596277169,39.82078835016846,25.385677859993265,0.24776346571977723,0.0680308205953319,0.8463097637684347,577.1146634147713,-0.001519033508753266,0.001097757963810815
zigzag_0225,medium,-3.4001302695105124,0.30589801567603336,0.5832503767000454,0.03801254553207368,16.913923754648877,11,-3.1611807551899815,0.0023865869771498654,-0.002441032763210543,-0.19915102879782842,54.06668218856518,47.781650317284154,6.007409132062798,10.763421762299277,7.165985244702728,51.01733749008541,4.370037985158432,0.07645934952217702,0.033368922723946474,0.5581319086746906,528.9836287150359,-5.4445786060677674e-05,0.004827619740360408
zigzag_0226,local,-4.281031685115439,-0.9541215314412472,0.4338438519202002,0.15983257298698075,135.317701409497,5,-4.482339777110658,-5.131908930202647e-05,-0.0007674924793528246,-0.030044798992730826,18.53679468519975,57.75446988284601,6.178931561733251,2.8719593290972756,6.106629785288575,42.548590150445406,19.710512232527467,0.04346155143232183,0.013828388182400089,2.151469033398685,289.7611187484478,-0.0008188115686548511,0.0007161733900507982
zigzag_0227,medium,-2.587269364311603,-0.8043727573866478,0.76572000842243,0.9952030443935482,42.331652305353266,5,-4.839926518221064,0.0009873043192790824,0.0014087657023375217,0.3169447524951807,46.59593036847513,124.98672358606666,15.531976789491711,2.0085393147241506,7.0837745264301395,50.74710619926348,88.6657812542924,0.1986271964430738,0.07522517242751424,7.732971257087316,627.817741004821,0.002396070021616604,-0.0004214613830584393
zigzag_0228,medium,-2.383648765124577,0.3902751932736204,0.06807549749893389,0.8986310093298836,49.19808566623861,6,-4.204797144294116,-0.0011757684246077992,0.0019611046101221975,0.4408648343388364,93.75148278446396,76.14914448028546,23.43787069611599,3.7906485382400645,17.10779089703863,4.416371071707178,80.30476221873242,0.2023358991411869,0.09221349752768228,6.183076710930791,470.9962899043419,0.0007853361855143983,-0.0031368730347299967
zigzag_0229,medium,-2.7631739113777005,0.1361853078072555,0.5688323633045455,0.1563560062595539,134.0013093615121,9,-3.4242574483140853,0.0004579829285239977,0.0026683875730745066,0.4557464937755489,68.29523273462641,71.51993444156209,9.756461819232344,8.273658710043167,7.76811021749189,40.788715999573306,15.189326604423478,0.15785358162201213,0.06309120435049323,1.179219757685828,648.3162179417541,0.0031263705015985043,-0.002210404644550509
zigzag_0230,local,-4.886156575040004,0.6223131130104458,0.0962502052499771,0.06616807223922665,164.00697583092582,11,-2.710365872591037,-0.0005615773845628659,-0.0006496716335504782,0.0963661634750238,30.126721517999183,19.402869738360497,3.347413501999909,16.894166662196426,9.788403681110545,9.567196894998277,8.501029803491459,0.034116193243238405,0.007550386122016249,0.19814019649103598,216.0112671281171,-0.0012112490181133441,8.809424898761236e-05
zigzag_0231,medium,-2.3225801302848734,-1.24802814891431,0.6116563092000227,0.5949654442357996,32.05107989817213,11,-3.5415089780923523,0.0013763844568369303,-0.000886676956009681,-0.5664458248835156,42.60749289740236,178.10616999517924,4.734165877489151,7.358273224121102,1.522596718867372,34.62858172826748,36.021982177278474,0.33404059992352086,0.09802035377597722,0.6433800068703777,1959.734035967525,0.0004897075008272493,0.0022630614128466113
zigzag_0232,medium,-2.1078047157692863,-0.05982638088969002,0.681459612703995,0.18444124345883245,55.481750668840135,5,-5.242212397629212,-0.0007951539421648677,-0.0016432883334296362,0.6796618297629176,85.9287718425582,109.47176437025755,28.6429239475194,1.3432900546499569,14.662554571397965,38.584264385989115,15.686463394034098,0.244910398958355,0.12150441058257064,21.32296286149707,558.4142323062354,-0.0024384422755945037,0.0008481343912647686
zigzag_0233,near_full,-0.3137884971939226,-0.0471653995440463,0.11686167124808859,0.42009848432958913,177.25236478902863,13,-3.642111365524314,0.001209996286202811,0.0003677043245622104,0.5685338214450371,212.0574691112148,266.75863878679985,19.277951737383166,6.654031432891121,4.133430965479786,1.3108012040083563,4.456678292180664,0.8482170631705644,0.7306735513242388,2.8971837497027058,3475.514746243416,0.0015777006107650215,0.0008422919616406007
zigzag_0234,medium,-2.289125876752733,-0.8944373553532025,0.8890659640987428,0.41806198912732,30.311960920804694,11,-3.142010258821619,0.0006974053912440306,0.0001520084762663596,0.47704110923048515,51.70490498328915,151.76170541045263,5.744989442587683,10.971752420947068,2.1679154778503844,52.34775999953148,27.73431558671161,0.3028931641613394,0.10135501992205256,0.5236163943710082,1670.357062278002,0.0008494138675103902,0.000545396914977671
zigzag_0235,medium,-0.965234993631904,-0.06371346531968693,0.7860008631763163,0.8943001176583303,96.52218516626463,7,-3.4642830612934628,-0.001361353706591623,0.0011022911967690898,0.025713945198336363,151.8449656562965,194.20126304190381,30.3689931312593,7.949040310547157,8.887872236078607,13.757905621400003,55.03449434970438,0.514028863186889,0.3808936816320407,3.8204603253759206,1371.2098102305674,-0.00025906250982253316,-0.0024636449033607127
zigzag_0236,medium,-1.3682192565654856,0.7949985906930774,0.2249103950634002,0.912788032096484,126.50130833979757,9,-5.338437515075694,0.0013720708984504568,-0.002374703533557288,-0.41809974170684244,190.70427582340037,103.34231249855351,27.24346797477148,1.2200559909859594,14.76851242937072,6.2731730941883574,40.310963723790834,0.5542407853426026,0.25455986198452296,22.329686650491603,954.7956895404764,-0.001002632635106831,0.0037467744320077447
zigzag_0237,medium,-1.0729233095477633,0.46665599677495767,0.4412872985763152,0.745454885455599,47.522509720430996,11,-3.497916178900057,0.000488734362403629,0.0001564190293931113,-0.37589405091146477,187.57909765821094,141.1560718321648,20.842121962023437,7.68613524386008,8.399208200902839,2.727112950954903,22.464408234935163,0.7632240471814978,0.34200726154823446,2.7116517340327526,1566.490434907542,0.0006451533917967403,0.0003323153330105177
zigzag_0238,local,-4.824925532676707,1.1360783700933734,0.44803869570530697,0.4073008766031654,7.010504197798459,10,-3.564138105543767,0.0011453234859460353,-0.002111379769698351,-0.3976788862836597,40.16157471826321,15.4738866734841,5.020196839782901,7.193631793175615,17.974630761394415,45.75197110446172,56.31386391674913,0.01817796928787276,0.008027151608632859,0.6978668055467355,161.09072123895228,-0.0009660562837523158,0.0032567032556443864
zigzag_0239,local,-5.0603618815493,-0.29585901552017696,0.6194894547586455,0.18156752181580116,82.00760127514035,10,-3.3594634740027733,0.002016189098571339,0.001104021110972817,-0.2206790025200578,17.447978880682623,28.145975857034504,2.180997360085328,8.82749067988945,4.430925754065248,66.20244920970751,24.841968661134658,0.016207686514003495,0.006343263587452995,0.24706878083190922,282.1347581336802,0.003120210209544156,0.0009121679875985218
zigzag_0240,medium,-3.5963657059517598,-1.0155321090538358,0.8323843119356903,0.26819768868666866,153.15787828741722,11,-5.29340712536759,-6.0250728557385835e-06,0.0015206770273505713,0.29401057071365466,25.314702654132528,83.867571526237,2.8127447393480587,1.2762513415362633,1.9208618654233556,79.8376476529065,29.07576262238865,0.07064929328284449,0.027423205555093325,2.203911289105695,922.9676688489033,0.0015146519544948327,-0.0015267021002063098
zigzag_0241,medium,-0.9856471569056837,0.3284976113288256,0.7318657971430756,0.839596789676074,122.5499848251364,8,-4.538652349624308,2.1976960127739623e-05,-0.001830473528923722,-0.705092632728063,182.86706977742443,157.99816826420462,30.47784496290407,2.714701268718513,10.91824929784922,6.83635967745044,25.985433972106723,0.7383025133478779,0.3731976313456552,11.22696088667291,1281.4617825715923,-0.0018084965687959825,0.0018524504890514617
zigzag_0242,medium,-1.8557524344824157,-0.3115199605081524,0.8919365172219796,0.8529637053304532,11.457660342251092,10,-2.6491775877919927,0.0009471639014615365,0.002404387850806277,-0.7107438280318037,85.94418462157635,140.82804214078638,10.743023077697044,17.960172710521146,4.362341680201845,53.794469460033845,54.8183580967171,0.30366320543871234,0.15633526636341988,0.5981581163417062,1411.5537787103747,0.0033515517522678135,-0.0014572239493447405
zigzag_0243,local,-3.7106828448149822,-0.5197582454571403,0.639661089821441,0.9418013826090629,5.356874880937533,8,-5.510747086097388,0.0017241575408892848,0.00031482786269655715,0.10686409691645093,30.6340985999799,61.81793446940541,5.10568309999665,1.0269437732632662,4.721471736945791,69.2785278436324,112.67417619482077,0.03164614811792054,0.02446081462715788,4.971726040825569,495.8063954334898,0.002038985403585842,0.0014093296781927276
zigzag_0244,near_full,-0.5054994321676641,0.08968362323968997,0.16391110116626628,0.8840313509620893,169.0088276571635,7,-3.6819193949492033,0.0015320176286939512,-3.680186079684997e-05,-0.6482433440043499,206.3195875629071,226.34588549844307,41.26391751258142,6.39435053784259,10.331827277243939,0.06673106790945801,15.812428709880702,0.8798036037027845,0.6032042405837281,6.453183520105168,1603.0739984604304,0.0014952157678971012,0.0015688194894908011
zigzag_0245,medium,-1.761422144916002,0.4830660028733855,0.47688165308694674,0.24319839037037977,159.48394270202996,9,-4.627088625382616,0.0012486848721377682,0.001983363442335213,0.5972095498190535,134.04240377804663,99.2271582911218,19.148914825435234,2.484932861393989,10.922701232967293,21.575323387447007,19.661420209245218,0.30225791815391145,0.1718003649922331,7.706008932045408,905.8599881700763,0.003232048314472981,-0.0007346785701974447
zigzag_0246,medium,-2.988350982618814,0.20372053691317457,0.308146650998303,0.05833041150919541,159.7386061174789,12,-4.812841664307227,0.0018239491419099326,0.001205950044794615,-0.5202141445181367,63.11882393564201,61.78249451399307,6.311882393564201,2.0636837267441264,5.833268031085859,26.306581452471534,6.4843447032460855,0.08868950623384346,0.050370429990667646,3.058551226511079,744.6057676989017,0.0030298991867045476,0.0006179990971153177
zigzag_0247,medium,-1.5639654400907963,-0.03984789288772395,0.2981218376402068,0.2789792531714882,158.63034034734432,5,-2.8846502833966334,0.001699108842079195,0.0013051430134495019,-0.5789562351688198,113.91215720443049,142.25156151591275,37.970719068143495,14.192078880131222,14.94531813016775,11.581669363655621,15.683228229434725,0.4380668259123297,0.20930443918273978,2.675486754889881,726.1993312365219,0.003004251855528697,0.0003939658286296931
zigzag_0248,medium,-2.800803882613198,-0.7270897623553811,0.09954024499633458,0.5384195426618188,81.28653753575034,8,-2.993693057691284,0.0021822488453743178,0.001716873725756401,0.19758073562126222,43.527261569005546,108.07211801643952,7.254543594834258,12.725924465263082,3.8403253732171723,6.274728467403717,62.15946021725119,0.12211735310435795,0.06076119811646206,0.57006024313883,866.0362266219529,0.0038991225711307188,0.0004653751196179168
zigzag_0249,medium,-1.2201833500006343,-0.687976808750137,0.1338937004966663,0.7532145600406015,34.74505737021699,4,-4.781790707444931,0.0014683303111685557,-0.0017200299072320064,0.12503788044441144,97.83224123014645,233.58652219049213,48.916120615073226,2.128768321333557,11.827578816624651,2.5119919744737103,20.390759923680562,0.7008806056955513,0.2951760414348273,22.97860228605335,944.4798648018857,-0.00025169959606345074,0.003188360218400562
zigzag_0250,local,-6.106227310975877,-0.45656643536116126,0.2126914838613932,0.4760977473638406,8.463615453209487,6,-4.584165038012422,-0.000271669489304882,-0.0021881899465640104,0.09903500366795515,9.544235826128729,18.080344084497277,2.386058956532182,2.593917364548432,7.517868260244599,25.411439651364567,67.26413276862988,0.004322183668560525,0.0022289440831214156,0.9198669892660842,109.10912141416993,-0.002459859435868892,0.0019165204572591285
zigzag_0251,near_full,-0.3813006513101386,-0.06878417421653377,0.5290300983621485,0.27942576863979296,4.488073221627316,13,-3.5535288967036056,0.002741738978894233,-0.00039639566665577,-0.5134859423749434,202.8145174583334,260.7071079067446,18.437683405303037,7.270356811410148,4.045326933042705,6.2398206636952285,2.9625806100889585,0.8440189388880773,0.6829725221658718,2.536008050714486,3396.3551644551885,0.002345343312238463,0.003138134645550003
zigzag_0252,near_full,-0.2548252983477137,-0.08409650324616448,0.6568602583267515,0.6458165936290619,175.36050463864487,12,-3.738338207096015,-0.00017046960730682757,-0.0012034552193093335,0.2855728260057506,214.40641859422573,279.8605452053541,21.440641859422573,6.043577028555592,4.380979415783141,3.6609109976967757,0.6462566336475168,0.9498373701810745,0.7750518889798316,3.547674127113238,3366.5275654991146,-0.001373924826616161,0.001032985612002506
zigzag_0253,medium,-1.4797112742724003,-0.5866238809582783,0.838669801094986,0.727578825026737,14.016220279224823,7,-4.730562596486508,0.00038717902852463564,0.0006499704202298446,0.027694800033092326,90.3929872212802,195.02195211091419,18.07859744425604,2.2406627004598905,5.2962010249865035,48.78877018719916,33.09570285152666,0.3801829147968943,0.2277034227301623,8.06841540252598,1369.3344317301767,0.0010371494487544802,-0.0002627913917052089
zigzag_0254,medium,-2.4615965683413275,-0.7710478370626412,0.9942264117043227,0.2755736880164481,157.2361156950695,3,-3.9601618133670664,-0.0006433150699168647,0.00014503162620347265,0.12235230265535668,50.45147909041086,130.8931652686182,50.45147909041086,4.841247588112339,21.07866476033923,74.81248512324858,21.803894029295275,0.19593952689512295,0.08529865705958448,10.42117309065007,402.06595292212864,-0.0004982834437133921,-0.0007883466961203374
zigzag_0255,local,-5.383690201233486,1.0382078683747145,0.3333637697621931,0.8499154466921155,71.56721001784939,12,-3.695435682541445,0.0017926522761201333,0.0020166715973602674,0.33564030244190524,28.92172667093859,12.289027474620895,2.8921726670938592,6.308504126337154,13.243333077713599,37.539609560140995,112.82494016770744,0.014612120689465814,0.004590849474970553,0.4584561742647402,150.82577136750893,0.0038093238734804007,-0.0002240193212401341
zigzag_0256,local,-5.004602347451353,0.6902498400452789,0.9664898417978068,0.7153980098576271,79.68896586010283,7,-3.1967586783201307,-0.00014504133459121871,-0.0019073414027283946,-0.41926424847412225,29.375412452898896,17.676387865111877,5.875082490579779,10.38721360516685,18.38520490526955,105.96228790034513,93.23652260415467,0.019801304728026003,0.006707007876793848,0.5656071699206581,128.48860157465802,-0.0020523827373196135,0.0017623000681371759
zigzag_0257,local,-6.1553565970647455,-1.3805725975460812,0.35506576066887385,0.4392870228175465,57.117804245009665,6,-3.9625123883252074,0.002705133901877508,-0.0021033634171437787,0.7855564488761841,5.8671539507468795,28.001660837837623,1.4667884876867199,4.829881236729475,2.9985382016051023,39.16746026390979,61.059153006964976,0.011558183597769724,0.0021220841214090714,0.30369038404761,168.16352696399662,0.0006017704847337295,0.004808497319021287
zigzag_0258,local,-4.047263677344089,0.19727572035527177,0.8043948772044434,0.3577003077967863,34.634280085212445,14,-4.917813422278379,-0.0005595635275866515,0.0022588200430176944,0.10756991655294024,37.05266535364162,36.502696149237785,3.0877221128034686,1.8580375400587679,4.835075523981454,80.51293695161502,44.91330943277688,0.037313468944679615,0.01747011316215319,1.6618190140043172,512.6020744713103,0.001699256515431043,-0.0028183835706043457
zigzag_0259,near_full,-0.25265471890155566,0.1509265146318457,0.7993668441369801,0.44255306085371904,179.07153534737915,8,-4.11224092097835,0.0029991209256142698,-0.002888097977597473,-0.5575515403167582,241.40358631820797,249.1026865026007,40.23393105303466,4.158245980436561,9.174918075774817,1.7452393464907547,10.531262940221167,0.8293474276364107,0.7767360277970847,9.675697696173959,2012.1911836086426,0.00011102294801679669,0.005887218903211743
zigzag_0260,near_full,-0.15368061950979867,-0.06284811281762649,0.8013606491418793,0.1903483972175296,1.9022570111278343,6,-4.203768092411076,0.0012881941977483714,-0.001518289497150256,-0.5689359068181477,227.93714265945314,291.26676645964756,56.984285664863286,3.794551319994336,11.069692857624485,5.049206719536111,0.21024539704908693,0.9434994671553015,0.8575458606969627,15.017397541733166,1769.68837071658,-0.00023009529940188462,0.0028064836948986276
zigzag_0261,medium,-2.590339073571601,0.4977974629636737,0.8606120848559888,0.11993275785430169,150.6801019126312,8,-3.8682799007737136,-0.0002781551259656368,0.002235499066415776,0.4053861485734591,89.21627353815354,65.07806540822138,14.869378923025591,5.307146806382337,12.870309698241192,59.00291779148157,11.822039252570736,0.16252998728759263,0.07499460708446647,2.80176514151517,530.6871645279358,0.001957343940450139,-0.0025136541923814126
zigzag_0262,medium,-3.3537520734834674,0.10560136950491557,0.025123298060798046,0.03369822377129648,99.70289963878248,14,-4.82062517895488,0.0014161147689199195,0.001534374238984876,0.18015322724361482,50.061833682605965,54.05375975325749,4.171819473550497,2.0476833645349153,4.413286709945294,2.38569069314236,4.1108567093617605,0.05034141055442773,0.034952961677298604,2.037336214087001,758.6816313879511,0.0029504890079047955,-0.00011825947006495648
zigzag_0263,medium,-3.2209467845911015,-0.35261677520691964,0.00787474425719393,0.572960065651971,26.325736058392863,13,-2.7371226503687343,0.001703874711616852,0.0015621202603804162,-0.5205388806837579,42.54458084098186,72.63819018440563,3.8676891673619873,16.448127100388756,3.047889779751361,0.6363507345789581,56.94974995535338,0.12649675735708155,0.03991724732938419,0.2351446546926655,945.4283339526958,0.003265994971997268,0.00014175445123643582
zigzag_0264,near_full,-0.32069282908488084,0.01727922529006339,0.9572512552037145,0.7254757534187589,176.68712958001768,4,-2.821763798552034,0.0011187824052456938,0.0011681004622996786,0.581799898968925,218.2470035356793,257.40991046735684,109.12350176783966,15.113229233886548,22.973491743022596,2.527669810762731,6.981542260829778,0.9173755159910654,0.7256461141407831,7.220396123097594,1073.9899225849658,0.0022868828675453724,-4.931805705398482e-05
zigzag_0265,local,-5.564386019668395,-0.17222851940972725,0.5571403125277641,0.9160553567738557,65.1989042615261,11,-5.403346932690395,0.001813202351522355,-0.00020612358198545452,0.11757241004524244,14.425925899569783,20.564721798577594,1.602880655507754,1.1433783378980986,4.456806928157462,63.448030872216165,128.96262877617096,0.007875601980175112,0.003831932554347601,1.4018812517074357,226.77329006922164,0.0016070787695369004,0.0020193259335078094
zigzag_0266,medium,-3.6441236983064353,-1.2834993084955404,0.4046480551318582,0.6086711141761105,62.5387999524112,5,-5.402821853938563,0.0014123048177536843,0.0023962873618608707,0.7329938071724773,21.617923529130888,93.62932436426102,7.2059745097102965,1.1439788592153288,4.400967647669847,32.25223771567941,73.31392733509523,0.07807537911231965,0.026144310121917903,6.29904517173768,468.9772814915741,0.003808592179614555,-0.0009839825441071864
zigzag_0267,medium,-2.726981434392332,-0.27866068543268024,0.27600213091367276,0.1809992462260494,141.82569827934756,9,-4.840936846504977,0.0009443981229859798,0.0007533470368283053,-0.2359639319913699,56.515402244871915,89.61255646966397,8.073628892124558,2.0065110554215333,5.1481547542262955,20.888975895180124,17.792706253334035,0.14342971316259245,0.06541645580262206,4.023715129956476,809.0537358720323,0.0016977451598142851,0.00019105108615767455
zigzag_0268,medium,-1.7060385855374967,0.19697366148214626,0.7733785535385896,0.593989047426371,113.90199346992432,8,-5.065257080075399,-0.0010835335198197628,-0.0012889585626941927,0.47902792147632844,119.43852513531162,117.70125775320902,19.90642085588527,1.6033211344077776,9.59940523276273,37.077338882624545,43.301705984337794,0.3247319127925952,0.18158369800533264,12.415741568352836,951.6389709087125,-0.0023724920825139552,0.00020542504287442988
zigzag_0269,medium,-2.2669788438442424,0.6251888579968514,0.5904672971505364,0.6596373615042541,143.27924865213387,8,-2.9312915144508134,-0.0002722050707496895,-0.0002712580027689729,-0.051908993768276845,111.76956249924581,71.77756577851675,18.628260416540968,13.545342381707533,14.548861372801081,30.272314545247887,53.25942382127152,0.280389956115474,0.10362477427208823,1.3752520897292138,588.4878425016071,-0.0005434630735186624,-9.470679807165993e-07
zigzag_0270,medium,-1.6793804728346755,0.008500017541223509,0.30550603575179375,0.9471208250370449,15.219863603485898,3,-3.394703071801692,-9.311563546026704e-05,-0.001068338313748812,-0.37787995946280006,110.15561406156121,131.06790905606243,110.15561406156121,8.521830755946205,40.045267592135204,15.709041659416949,65.8015274855632,0.3238198415885389,0.18648947555432524,12.92628511598859,433.3463788074508,-0.001161453949209079,0.0009752226782885449
zigzag_0271,medium,-3.0147081350879685,-1.335108384879987,0.13497163736962542,0.8124999001899266,137.91248068155616,11,-4.762576265799086,0.0006260657898345986,-0.00027507646217092866,0.6583540720162944,28.85911844692392,131.61170368435006,3.2065687163248797,2.1700669100891057,1.3956700619066038,9.535970739838332,75.04242865121896,0.17479686780682974,0.049060152334667775,1.4776358744593796,1448.0802480882885,0.00035098932766366997,0.0009011422520055273
zigzag_0272,near_full,-0.4887628660323345,-0.14289568660818405,0.7592616092437035,0.9112556697358719,10.610564239197481,13,-3.69192463084647,0.00040938984430820865,-0.0015012845822408353,0.7025743848432284,185.21271784029636,256.3957717562842,16.837519803663305,6.330692539982417,3.7572210820850085,6.588571822271608,5.146955961110748,0.8971430511758282,0.613384764112025,2.6596647518930165,3339.2199532842287,-0.0010918947379326266,0.001910674426549044
zigzag_0273,near_full,-0.42887594257191886,-0.23097266698692806,0.8101648640101152,0.4181582156808119,175.65474582622977,4,-3.1760683106900056,0.0007267261730348872,-0.0024142378259474156,0.41132790116846474,182.62045126387642,276.0837291013117,91.31022563193821,10.60436762480253,18.300797283627396,16.045025791174705,0.8982094227320975,0.8321612918451511,0.651240715418079,8.610624307136707,1133.7507550034923,-0.0016875116529125283,0.003140963998982303
zigzag_0274,medium,-3.1341541961940713,-1.3575113062607191,0.6770763249642329,0.8181271921800171,41.071325792659785,7,-4.3101088393688265,-0.00017978173270863742,3.581340697659651e-05,0.3120604575777659,26.88319891399268,125.37815103477249,5.376639782798536,3.4117502439866154,2.45553259951792,49.61146749741219,76.8231924431966,0.1623863819206942,0.04353656165055187,1.5759183405277508,878.2232137918324,-0.0001439683257320409,-0.00021559513968523393
zigzag_0275,near_full,-0.42755741019247984,-0.23378297229988923,0.4136220138957267,0.292627143106944,177.88621258985808,3,-2.79831477551883,-0.000556639365769018,-0.002470491366853198,-0.7984797638915191,182.48428792823233,276.6542702701395,182.48428792823233,15.471807417946376,33.40929585788521,9.390000038651324,0.8151497436359975,0.8062339555994077,0.6520999637370464,11.794632844030971,884.7268571725639,-0.0030271307326222158,0.00191385200108418
zigzag_0276,medium,-2.4742574081870097,-0.863450814585672,0.48452375725801006,0.7319599261056824,35.501723551182394,11,-3.4017939722970683,0.002028713989397085,-0.0019707380565297137,-0.4505110175569451,47.86957645901744,136.21745287309432,5.318841828779715,8.461617039054449,2.2360750897067394,30.069975257011098,56.47216537041969,0.25247167681330474,0.0842255122161065,0.6285845606378417,1499.3262001143135,5.7975932867371065e-05,0.0039994520459267985
zigzag_0277,near_full,-0.18992757869424154,0.0020037586339513164,0.8005028872731819,0.3303977938490734,2.456332883061014,9,-5.3058394012910295,1.5939433265990113e-05,0.001461013787407507,-0.4280003530820704,231.22062862819845,276.9093386020736,33.03151837545692,1.260482854898548,6.802464203134534,3.926748992228092,2.7955123305238025,0.9080008734717316,0.8270190255723402,26.205448370113302,2505.926073724655,0.001476953220673497,-0.0014450743541415169
zigzag_0278,medium,-3.402521050043627,0.005793159768980271,0.4909785585171612,0.4876479435148209,50.160362865006775,12,-3.3045464365939337,0.0014324672574837,-0.002014577180594528,-0.30583263456211995,46.477592832344605,55.45094294135644,4.6477592832344605,9.325828701964008,4.791189846079058,41.367842348669285,53.751778126518516,0.09313780368541505,0.03328924024270385,0.49837493608001265,667.355723989744,-0.0005821099231108282,0.003447044438078228
zigzag_0279,near_full,-0.3033993120826908,0.026204998763742885,0.5770738008073932,0.47595804976162653,5.840281602332418,5,-4.547686722185229,0.0009163653186995014,0.0017048731654951375,-0.6718424873666498,221.1269808198909,258.4891366212158,73.70899360663029,2.6902860999938887,15.915667679383713,1.3757368324338421,5.283506559315166,0.9097559824359263,0.7383042237040647,27.398198878103607,1323.3571205636856,0.002621238484194639,-0.0007885078467956361
zigzag_0280,local,-6.518523152530203,1.1093515392919628,0.3353504647722394,0.8946287254465853,113.75351093335179,14,-4.152930795994974,0.002202146899596612,-0.0015089827624905241,-0.6850431547465903,16.9920988145427,6.724237108255758,1.4160082345452252,3.9924435860403213,11.891753342198275,39.527513083194094,125.8189810548365,0.005548690405647152,0.0014758470947245218,0.35467207088318875,95.90903410547591,0.0006931641371060878,0.003711129662087136
zigzag_0281,near_full,-0.44138735294585996,0.3302525413414089,0.26384394445967857,0.5346250363105542,100.65469149250073,14,-4.609025866273981,0.002695411061215443,-0.0003770923300132059,0.6859514586871067,240.2708578165152,207.23136546772443,20.022571484709598,2.530225427995413,5.518753648070559,0.3909463628939014,7.3249654963079625,0.8994793092891923,0.6431435347745509,7.91335477984371,2912.8195663688534,0.002318318731202237,0.0030725033912286487
zigzag_0282,near_full,-0.12107273625279225,-0.08765028154964359,0.8559020170200088,0.18812754568053078,0.01722225119454635,9,-5.25823476318986,-0.0011724540617270521,-0.0010248079427944124,0.16774401709217446,228.82848705561406,299.74874181799026,32.689783865087726,1.3219388753048598,6.2239251777027205,10.167725303145827,0.34428781406807835,0.8955751704746897,0.8859695151465603,24.728665202125136,2710.179501217052,-0.0021972620045214645,-0.00014764611893263975
zigzag_0283,near_full,-0.38395281535648207,0.34295485431099226,0.6836173767001122,0.5917093742894011,87.80380631818126,9,-3.116447999155718,0.0005362083676048231,0.000765011347252249,0.1315227046715265,248.84626259750297,211.91854708462662,35.54946608535757,11.255830576534104,9.52273856291207,7.1855258165999745,10.750353677128153,0.8078880599921621,0.6811635668813717,3.1583156697001358,1927.9941743085722,0.0013012197148570721,-0.00022880297964742585
zigzag_0284,medium,-1.0231977372871892,0.45976101860849916,0.8063321937039745,0.3037598511406159,141.38799004915126,5,-3.7570294877231296,-0.001000867661919003,0.0018957739851426297,-0.04347205308722968,191.63948174180155,145.20934297299416,63.87982724726718,5.931663991493674,23.745433702020694,2.137343707816646,9.6302515230788,0.7754420092025104,0.35944369395979436,10.769292957064712,766.3361898708852,0.0008949063232236267,-0.0028966416470616327
zigzag_0285,near_full,-0.4291232693988877,-0.15782513383573635,0.7423949947422717,0.3850029107992436,11.435454983802575,10,-3.9303735762494645,0.0005722919887682647,-0.002828338973803956,-0.4876648143852867,189.3997887526851,266.1358136281891,23.67497359408564,4.987629220582489,5.083550214951332,3.6070888533107066,0.09985222991457908,0.9601056739221735,0.651079666035079,4.746738890771178,2669.7658712004422,-0.0022560469850356913,0.0034006309625722207
zigzag_0286,medium,-2.597407084759067,0.9567197288247207,0.9898510958304876,0.5467446782592112,173.41683987188532,4,-4.2564513082736095,5.077023785875863e-06,-0.0024590332771390793,-0.05295141866218256,111.83119971993523,51.55207268971333,55.915599859967614,3.599816812479251,47.325112560045234,65.8286509405941,64.7285951743361,0.10630639693676686,0.07446641320163408,15.532901470466118,255.21161404951525,-0.002453956253353203,0.0024641103009249554
zigzag_0287,local,-5.097672318270113,-0.5884410666340115,0.9920333863354586,0.6731499509583455,172.26127556117117,10,-3.699770994730428,0.001585511192527343,-0.0007312184419309923,-0.6870409270263981,14.794826732542683,31.97774518851812,1.8493533415678354,6.281213989877619,3.309872092659631,113.07400666736702,88.87311826587892,0.013703628183701737,0.006110954380328471,0.29442610051944235,320.20490576743424,0.0008542927505963507,0.0023167296344583353
zigzag_0288,near_full,-0.48193978981904917,-0.06580663816050862,0.47663763670016235,0.7872794208055466,8.337139465221108,11,-3.356165498329879,0.0024218806040672745,-0.002863770484784933,0.19312179526713247,193.1488341339843,247.54422377920747,21.4609815704427,8.856651588957718,4.9548997860603015,4.039932524777101,8.58861182288106,0.866455161792681,0.6175842455044231,2.4231484500530414,2731.3433598995357,-0.0004418898807176585,0.005285651088852207
zigzag_0289,local,-6.2693198867516635,0.7273061573998106,0.7523302296234404,0.9202990598931626,33.749845631878785,9,-3.4199380907403527,-0.0013434770062688548,0.0015853419197870136,0.2806962635217709,15.900131861097913,9.219702790421705,2.271447408728273,8.309472891902065,13.840264463201398,84.31055078851224,127.35784719148205,0.010812044544400445,0.0018935159506664689,0.27335637750763897,84.90712143479826,0.00024186491351815874,-0.0029288189260558684
zigzag_0290,near_full,-0.42934086086161083,-0.25438816691924265,0.6100188646102133,0.8284240183904125,174.89453345119483,4,-3.7815773695849924,-7.336205622196501e-06,-0.00174931598210617,-0.6160276683137437,180.4528912001553,279.27011758520575,90.22644560007765,5.787826875778209,17.90458038944211,13.1553808073959,1.780931005773837,0.8184818204769176,0.6509380120701029,15.589002148227896,1145.5073894871703,-0.0017566521877283665,0.0017419797764839735
zigzag_0291,local,-5.521961008905337,-0.6117800890172423,0.0021869690822879637,0.3731100753994919,22.974779873371098,8,-4.299888857151785,0.001577801549947383,0.002428506734163482,-0.5419059491531352,11.827930405045413,26.168734641123603,1.9713217341742355,3.446797054653016,4.3080221020951015,0.24972694234217707,50.66304010329186,0.010997347915173497,0.0039980001359263715,0.5719285768545737,209.79475287210886,0.004006308284110865,-0.0008507051842160992
zigzag_0292,near_full,-0.3884784480172012,0.16985197047088005,0.21821930366106437,0.7766455474358216,94.84003377956023,6,-4.398523268101067,0.002164758455644333,-0.0023915564161831357,0.23049833038537093,227.69819097068904,230.55526949159224,56.92454774267226,3.12305284353249,13.86905886116755,0.18326129424715168,21.39092845217747,0.8138559629879798,0.678087835859777,18.22721247274344,1411.0253682267205,-0.0002267979605388025,0.004556314871827468
zigzag_0293,near_full,-0.4674551383049976,-0.25462574778019204,0.7552623152843945,0.2324926822538504,174.56638423242742,4,-3.655927119509391,0.0009235129724553871,0.002112350788066486,0.021812869222224585,177.02550601572858,274.0309698224982,88.51275300786429,6.562733101458395,17.900598557239025,16.867503327096795,0.9395856736575179,0.8022924036569419,0.6265948381901206,13.487178533619577,1124.004575215207,0.003035863760521873,-0.001188837815611099
zigzag_0294,near_full,-0.3011506233964523,-0.1320056710088171,0.9383521638317446,0.06768147126329233,2.981175297822637,7,-3.4798101596495705,-0.0011628273869397172,-0.0018830962662544418,0.30212837534405734,204.53847913580998,280.08226052703384,40.907695827161994,7.826568059718568,8.30963699396488,12.643747485145932,0.211036095825622,0.8756131492822123,0.7399663081137392,5.226773154596828,1975.4340381410152,-0.003045923653194159,0.0007202688793147246
zigzag_0295,medium,-2.867484576132318,-0.36499263596707093,0.5198730915354699,0.5076495411336821,25.715270172709168,3,-4.551095384098309,0.0016998735680768978,-0.0007987301354276258,-0.5553366564197849,50.45569684145837,87.21792343123616,50.45569684145837,2.681131435671336,30.049444514874867,43.440241594393626,50.9549145926055,0.11676877782193552,0.05684172794071729,18.8188076758067,275.1966701590995,0.000901143432649272,0.0024986037035045236
zigzag_0296,medium,-1.7089290166460596,0.7699616575689197,0.9114404847003789,0.6067580797293904,57.85024401960091,11,-3.086990689465444,0.000636833925935497,-0.0010613859570223134,0.23879276795640347,158.8325634785807,88.25324685591029,17.64806260873119,11.592328899088201,11.30831767827291,35.89974842384452,32.57587351639296,0.44683116212771257,0.1810596006343675,1.5223914678714217,986.5109784220022,-0.0004245520310868164,0.0016982198829578103
zigzag_0297,near_full,-0.22236171767520552,-0.016059345401831265,0.45755236727547133,0.9554567459955654,2.635570474420819,14,-3.042560368823907,-0.0008675722391319634,0.00096118913286469,0.2115322132775117,225.4557108590134,274.9267332642994,18.787975904917786,12.118993082577111,3.9094076050480395,0.7955300237208094,3.407861111796915,0.9632263593215676,0.8006257114804723,1.550291825145799,3856.668902123024,9.361689373272664e-05,-0.0018287613719966535
zigzag_0298,medium,-2.5375309236968024,-0.8243677215893078,0.37006551782468916,0.5676580600980988,179.9252894160733,9,-3.983964689949079,0.0023255073429585124,-0.0018874056841133447,-0.4088219420238341,47.294071263504854,129.42146156508875,6.756295894786408,4.727372621682067,2.9883464131093778,37.34029122452517,48.41653423079448,0.09048931641867529,0.0790613675455993,1.4291862384189258,1166.0267799889848,0.00043810165884516764,0.004212913027071857
zigzag_0299,medium,-2.8736175185395054,-1.1030839335265992,0.055220738051952614,0.19454753578666864,148.08195986939216,12,-3.663662544436387,0.0029719059016163067,0.00221980195050244,-0.7587983053149833,34.77794915549173,125.76172325394435,3.477794915549173,6.512163413409331,1.5840447662084498,4.1144637432996864,16.604137507474668,0.18184784038412752,0.056494187708381105,0.534046014322671,1509.6214591156624,0.005191707852118747,0.0007521039511138665
zigzag_0300,medium,-1.7829584813642283,0.12873470848802243,0.97360477892572,0.32545777333725817,79.26439523933131,5,-4.515080697785188,0.00027964456455299887,0.0026654872379780203,-0.6292265060807459,111.07685849561902,117.19148593360255,37.02561949853967,2.7794513975930784,17.533473356444997,55.943356090181084,27.759699667275356,0.24110438686933308,0.16813997173747722,13.32119695656587,603.0870101841018,0.002945131802531019,-0.0023858426734250215
zigzag_0301,near_full,-0.38791608263773525,0.09951043617830442,0.7035796105187322,0.7538015891526929,3.9656995863352504,3,-3.1532571319018716,-0.0013625803930524037,0.0009314427209460418,-0.28535307188371983,219.8908845044976,238.8755164110519,219.8908845044976,10.849045840119981,42.63034299263054,2.301331169812927,14.968828571363998,0.8473004412516549,0.6784692762272774,20.26822337604445,802.4255058390273,-0.00043113767210636194,-0.0022940231139984453
zigzag_0302,medium,-2.9186380557604883,0.8394533543318173,0.2753315933993133,0.5352022995351848,63.93626162774617,3,-4.285054811527714,-0.0013734409911398263,-0.0026513709523621407,0.7223496113469206,89.81409440741129,46.55386916605458,89.81409440741129,3.4983081135416048,62.60067151224971,23.133236405204407,53.24873875344536,0.11748911051587416,0.05400719201839207,25.673580340093487,194.27015372712393,-0.004024811943501967,0.0012779299612223143
zigzag_0303,local,-5.65631560572457,-0.5772368340429423,0.46663464071253546,0.926266018016113,0.012829735435500183,3,-4.09052055930632,0.0004199112682693922,-9.767321568894798e-05,0.115980431037906,11.252136785850093,24.0495536702904,11.252136785850093,4.249552603847816,25.073624483193036,55.64430835411359,128.05508362646626,0.0056693570729398745,0.003495371529759423,2.6478403339828507,74.65078551706635,0.0003222380525804442,0.0005175844839583402
zigzag_0304,local,-5.483275587772099,0.32970464613479666,0.5436789825503914,0.41877774068695844,88.09736885036253,3,-5.029028759180417,0.001003581427918223,-0.0008608924221956173,0.7000587649674583,19.30856531565457,16.662583668524693,19.30856531565457,1.6624717614973632,49.20701131761035,63.879232131828914,59.305652158993176,0.005296253520901392,0.004155695035485617,11.61437190263228,58.829331488408755,0.00014268900572260565,0.0018644738501138402
zigzag_0305,near_full,-0.1545573628188423,-0.04575372082288441,0.03403476301567351,0.10526730912229586,1.0453998530937005,3,-3.318662219250472,0.0007826485106401538,-0.002554315222622988,-0.3285984250802836,229.7929589860072,288.66129258631895,229.7929589860072,9.195112085082961,38.522045756837315,0.16366330442589566,0.13858006518803345,0.9538250363016553,0.8567943425937726,24.990773017198507,946.2807749952101,-0.001771666711982834,0.0033369637332631417
zigzag_0306,local,-4.747706295007026,1.1175946601566442,0.012904950126590322,0.46572805336065576,1.2236308017107929,7,-3.2980638550021446,-0.00019309533236168668,-0.0004150252903043312,-0.7760252991304067,41.35852014057689,16.232336715346687,8.27170402811538,9.386480525230196,27.00256500754602,1.308042437306347,64.76027229207523,0.01768316505661681,0.008671562415657766,0.8812359441732845,123.55663833006474,-0.0006081206226660179,0.00022192995794264453
zigzag_0307,near_full,-0.2892087910108441,-0.019130924975836242,0.652372529638045,0.3479188785956167,175.18327826607498,13,-3.869203296311453,0.0012322215730819859,0.0029212572414144787,-0.7113913707589345,217.71011039359354,266.2982418865729,19.791828217599413,5.302248472601025,4.250524332816117,2.925663070344285,2.6846542691126,0.9158436798442041,0.7488558347121342,3.7327236397675843,3469.9563326212633,0.004153478814496465,-0.0016890356683324928
zigzag_0308,medium,-3.18175427871638,-1.2094809824408859,0.6924908213716305,0.4477473982398879,107.9866023367665,9,-2.791249826648646,0.0019372912915340485,-0.0007119961452159711,-0.7568273118080933,28.26761028905047,113.69497171939435,4.038230041292924,15.581501983261528,2.0341824516326388,40.68420290031267,49.96278267772194,0.14391606032586918,0.041512766243883344,0.25916821405478135,1023.7565932370294,0.0012252951463180774,0.0026492874367500196
zigzag_0309,near_full,-0.2684257924069177,-0.07441817923340543,0.13462917767713772,0.11263423400925383,179.00740137096284,10,-2.906661538947237,0.00048771483914641575,-0.0013140972517124276,0.5891289161951032,213.98636139640084,276.6220176817084,26.748295174550105,13.883106316679791,5.523112310827873,1.422507634371499,0.5851928297999858,0.8855472449321837,0.7645821585064123,1.9266794162926992,2776.541938368507,-0.0008263824125660118,0.0018018120908588433
zigzag_0310,local,-4.923588948842097,-0.6801876454922919,0.6027357203630518,0.3079528371174327,97.49237372136344,7,-2.8615322439910695,0.0011892948563266446,-0.0008472669447982749,-0.3775661576302688,15.416617249561558,36.52347381652905,3.0833234499123114,14.523993747061732,4.825486496335596,60.1181510169431,41.3363122583721,0.02559017643298644,0.007272981591824916,0.21229170871380204,256.31389931307746,0.00034202791152836967,0.0020365618011249195
zigzag_0311,medium,-1.3763113936193614,0.8669655542025599,0.9560384165835029,0.04081996781891889,54.25746431180539,6,-3.9423610525909485,8.641638247321106e-05,-0.0018215658640507656,0.4317297102701372,196.89317982996988,99.28726845608914,49.22329495749247,4.928197065771836,26.370670349882037,24.627920346206317,1.6351423847587438,0.5876330293727491,0.25250824088793544,9.98809388110037,641.8513252770791,-0.0017351494815775546,0.0019079822465239767
zigzag_0312,near_full,-0.3519702135443632,-0.15032805383059847,0.08924817731724068,0.10065030000823608,2.661389868558287,13,-3.629950922847008,0.0017721850488735045,0.0006096349094888817,-0.6591657960565915,197.58821311977505,275.568088694942,17.96256482907046,6.735441388035341,3.7294783634085467,1.6416507021685092,0.670005913574293,0.8178104141153838,0.703301070510484,2.6668727102248533,3588.8180985772983,0.0023818199583623863,0.0011625501393846228
zigzag_0313,local,-4.329078877915629,-0.9866175207344501,0.4981865149185956,0.7672053926039687,16.666008643113223,9,-5.268901655221137,-0.0010066100524732942,0.0006849841197656696,0.0038189507642207854,17.805120201315415,57.30713552627321,2.543588600187916,1.307912836165594,2.5414165347510966,54.52141048253856,93.27903196389263,0.027959801551144983,0.013179681996692904,1.944769200098189,516.1591672154649,-0.00032162593270762454,-0.0016915941722389638
zigzag_0314,local,-3.7044560615413547,0.48029949117365583,0.09419255470331772,0.01546821958917438,19.450963941628775,11,-4.025965720222839,-0.0006575821311485999,0.0003952811584120126,-0.02583737835729949,50.66604598639882,37.61030370095098,5.6295606651554255,4.532930078275333,8.512908679144923,8.85022450195671,1.9078560499223935,0.04960853192431371,0.024613602011836957,1.2419253259907623,417.48421738490174,-0.0002623009727365873,-0.0010528632895606125
zigzag_0315,near_full,-0.25755388871153667,0.040927193630108855,0.04825702396574811,0.028242498938456494,178.61172784840323,4,-3.3744833275365655,-0.0013817762867046036,-0.0027927357539583738,-0.13253331647129063,227.92597825776207,262.54310619905755,113.96298912888103,8.695893819558245,23.464384256448916,0.26242476945210286,0.39409369454434573,0.8695400121775705,0.7729399724519461,13.105379561162856,1097.5071956048423,-0.004174512040662977,0.0014109594672537702
zigzag_0316,local,-6.60487206481605,-1.1484494061299666,0.8742014623855253,0.3022776886175173,151.71894597860407,9,-5.328083578369605,-0.0005134898564546125,-0.001471290030671117,-0.10090187785203952,5.262854349405601,19.914428006315287,0.7518363356293717,1.2327539972314343,2.162080691517405,104.14373990084356,42.7873268743909,0.004411830451734171,0.0013537563556451258,0.6098835106743716,179.32916186899806,-0.0019847798871257295,0.0009578001742165045
zigzag_0317,near_full,-0.27178463375300155,-0.12538002104072035,0.1042599708259095,0.3530882582045835,179.31564731428193,4,-2.803123309763733,-0.0012556495313289383,1.2389287467713932e-05,-0.715340962491118,208.25263616487118,283.2850168348406,104.12631808243559,15.397589285368607,20.181778853781783,1.396994235188723,0.6121558325245428,0.8843190667199309,0.7620183564524752,6.762507828506668,1170.2013479022032,-0.0012432602438612243,-0.0012680388187966522
zigzag_0318,medium,-2.0746914128255094,-0.2417965547435593,0.46650326149643817,0.7441887363438395,60.55714235811062,13,-3.090462592438674,-0.0007282416131934138,-0.0006333907094579496,0.24509340961645543,79.76543643387923,121.9008969781551,7.251403312170839,11.552151244734414,3.4042881422833835,21.667969564333124,59.41485980727016,0.30199261664284804,0.12559517857513242,0.6277102124572772,1587.0820311454902,-0.0013616323226513633,-9.485090373546423e-05
zigzag_0319,near_full,-0.5148514802461513,0.36569561211662566,0.2467440805232725,0.25614936890326584,98.30889366012025,3,-2.600121970393628,-0.0004406946922705774,0.0013408634343873103,0.10922179462698212,235.74632502567263,196.2486107450021,235.74632502567263,18.863187975660917,50.22408365719306,0.5369868303045323,2.7891165428781663,0.9126404670727125,0.59758934184967,12.497692613245174,699.2379051015092,0.0009001687421167329,-0.0017815581266578877
zigzag_0320,medium,-2.348132373685327,0.10240133657940592,0.723838687296816,0.17885833351680142,66.3150651194868,9,-4.438341888391548,0.00011640621162159795,0.001088117942196259,-0.19567331309699265,82.63792771676526,89.51345674577982,11.805418245252179,3.0011404866066593,7.513053791491464,48.81432604654162,16.920955155431393,0.17785549706375864,0.095547442601261,3.9336439923211906,811.0469409334694,0.001204524153817857,-0.000971711730574661
zigzag_0321,local,-6.501961048321252,1.2869115860662275,0.37357757180327866,0.32017849793685343,124.34491059260742,4,-3.5921233652605418,0.0008172019814422925,-0.0023809938831900646,0.5818372223308665,18.724063894882736,6.204156723112369,9.362031947441368,6.995106979833703,56.46782669746112,42.69839828513925,44.203544107020655,0.009413073362190171,0.0015004937650792349,1.3383686588970416,34.8706555173315,-0.001563791901747772,0.003198195864632357
zigzag_0322,local,-4.103484398892332,-0.4480446487553509,0.930417644926421,0.30109940851530065,34.16392265713015,4,-4.418134936139204,0.0006853122996364363,-0.0011575509066667341,0.37692252982668095,26.090460337222744,49.005667208737144,13.045230168611372,3.0624012513055767,14.906365744330648,93.33877597952407,36.93675856824683,0.04097899466322188,0.016515030077922446,4.259804348972843,199.43585706807477,-0.0004722386070302978,0.0018428632063031704
zigzag_0323,local,-5.105508910700575,1.2386346421099586,0.33251327892389987,0.42943916818952377,3.258981708177926,3,-2.8851539517297273,-0.0001287198277573939,-0.0027304614963950926,0.7829117267282095,36.74114090259188,12.776199773415776,36.74114090259188,14.184932579252328,70.82562111994855,33.52125623113724,59.04517126747797,0.020169155673956725,0.006063252475803566,2.5901526635615824,64.45153469755617,-0.0028591813241524867,0.0026017416686376985
zigzag_0324,local,-6.0297547399786176,-1.3632076190123508,0.07184412970730583,0.06158446324053587,139.90532682275798,13,-4.739720434934302,0.0016010114135978073,-0.0010196608778450275,-0.1907382043136867,6.301912051086284,29.558822567341334,0.5729010955532986,2.220236744986672,1.110352263710282,8.154787660433742,8.467891504753226,0.010387323981720903,0.0024060840224782686,0.25803603910570255,384.325758617688,0.0005813505357527798,0.002620672291442835
zigzag_0325,medium,-3.0557320828273964,-0.6751068183667418,0.5184626445611171,0.45085653552701216,43.28227650647666,9,-3.3254544066196368,-0.0010970904034838683,0.0025923514012896626,0.4740819269819265,39.32713805915789,92.69765648188321,5.618162579879699,9.132868784294518,3.468304878716452,38.60149667941354,44.50969952582268,0.14572863978217343,0.04708823566019041,0.6151585785992087,835.4695734389463,0.0014952609978057944,-0.0036894418047735307
zigzag_0326,medium,-3.5205491243045532,-0.5881775469257723,0.7741682784548429,0.19946496077679096,49.80689740785704,3,-4.2921728821942295,-0.0002592202499091293,-0.0014608044425423532,0.10106712961465658,32.55630107728054,70.34910315315285,32.55630107728054,3.4734953235380797,24.833851791535064,67.4906204971948,22.902089044083027,0.07732435798262048,0.029583185860493386,9.37277815135185,218.2153595969644,-0.0017200246924514826,0.001201584192633224
zigzag_0327,medium,-3.3711011184830353,-0.03027191503518169,0.15059275768199798,0.4123185907162016,129.79848815911396,10,-3.1186188453058765,0.0003888865700980395,-0.00030224867469357637,0.5637479100841878,46.3697705551331,57.353921641807645,5.796221319391638,11.231422402840586,5.770752629861364,12.381430623458572,44.66322098847045,0.10198489873276279,0.034351791118581734,0.5160718839962506,575.876342417924,8.663789540446312e-05,0.0006911352447916159
zigzag_0328,medium,-2.6014386946512524,0.05911262076662067,0.10695967045199412,0.6217112036343201,73.58827212455206,10,-2.597149373693937,0.0011399201282899156,0.0013984879355771985,-0.18361809777075166,71.24831929840475,80.59045080295422,8.906039912300594,18.919344049311476,6.306160799500021,7.1164997284809575,59.12188601403427,0.1790230233947563,0.07416679804507488,0.47073724591549504,809.8293824356597,0.002538408063867114,-0.00025856780728728294
zigzag_0329,local,-4.921686661382193,-0.21536273273368975,0.5807556727092074,0.7415946060365098,145.24907269704374,4,-3.4120378389501633,0.002715542219033753,-0.000905384148042896,-0.3249895381797776,19.46872963516994,28.976752178830566,9.73436481758497,8.375379817854283,18.569107868277587,60.93031202022048,95.75419762037245,0.026563972480545064,0.007286830061211866,1.1622595069460204,119.08974648081417,0.001810158070990857,0.003620926367076649
zigzag_0330,medium,-3.3803684741675033,-0.7662906392248605,0.2597309839135973,0.2325317943509417,56.39596685259769,4,-3.458637033846407,0.00021258794850703114,0.0010037524718140142,-0.011007459034598766,31.944649765502742,82.48503692963834,15.972324882751371,7.994047747369279,10.95907005567165,20.328818666038266,25.748257308211073,0.10491603409705491,0.03403491143814268,1.9980272056803294,333.0045522194508,0.0012163404203210453,-0.000791164523306983
zigzag_0331,near_full,-0.26719103766233354,0.045971733271740554,0.4624595285272526,0.26195903268400655,1.9956586083053969,5,-3.746239388370067,-0.0007284851611198906,-0.0012261729840687444,0.34374988505132964,227.4031912418394,260.62287481830583,75.80106374727981,5.996013781270916,16.21684931067468,2.649357516742478,3.9575439427348886,0.8602321629751516,0.7655268130425678,12.641909527301488,1335.512755780172,-0.001954658145188635,0.0004976878229488538
zigzag_0332,local,-6.858949444897689,0.1641731963169501,0.8306608957424676,0.33927513355366257,50.13927664815423,5,-4.218796865482254,-0.000610222447612019,0.0006739380859453453,0.13077327296478336,8.934731901455677,9.098362963373846,2.9782439671518923,3.7379502569068617,18.1252611519475,98.028188251608,48.65973769370553,0.004168780543117144,0.0010500164535396789,0.7967585875838746,46.91695071121842,6.37156383333263e-05,-0.0012841605335573642
zigzag_0333,medium,-1.785283045756095,0.8213742336224256,0.3578224534593229,0.7437791517483645,133.43161768114967,9,-4.6022521388273985,0.0012892585122959645,0.0023063753819934337,-0.6988246697690934,156.86410557673184,82.79164778349248,22.40915793953312,2.5474226643634976,15.145311919029366,14.748294749164979,48.48192898381343,0.3865570236764382,0.16774957347507283,8.796796170898599,765.9787800694718,0.003595633894289398,-0.0010171168696974692
zigzag_0334,medium,-2.3352040423675344,-1.0090499436349392,0.42481150049953464,0.5801874126351626,1.2910618065791561,13,-4.831336252070296,-0.0011711035656356526,0.0012801499125797223,0.6300062409810774,47.71316110640134,157.05228485250504,4.337560100581939,2.0258675224121245,1.582025540966475,42.627571780741434,41.959601352366874,0.11028467829597366,0.09679073110153562,2.1410877328332747,2042.3384622112426,0.00010904634694406962,-0.002451253478215375
zigzag_0335,local,-4.619996084887912,1.3035342769741463,0.572064911472866,0.4642147974023021,84.12323359941433,13,-4.29347233606477,0.0019070111675193744,-0.0008287206601996565,-0.3643596189711983,48.380815591097935,15.76655056217572,4.3982559628270845,3.4689846079637348,15.587040097660108,65.66066679494301,58.31772437611305,0.016906151280037796,0.009852834636063727,1.2678799302625976,211.5869303795125,0.001078290507319718,0.002735731827719031
zigzag_0336,medium,-2.315748579101923,1.1272288327249267,0.6420253175318001,0.44847536253541287,119.28571627959266,6,-4.154885109165438,0.0012115146916323312,-0.0016756424569761392,-0.7127293408560895,140.20061957735174,54.4981697152619,35.050154894337936,3.9846487202431717,32.74684247368736,42.52178823170938,33.733222774955834,0.24233381734657805,0.09869227736674346,8.796297328864394,368.1816433481826,-0.000464127765343808,0.0028871571486084706
zigzag_0337,medium,-1.1504887414536666,0.10441131781318035,0.23552570404859938,0.47215360203186135,6.31351159182343,14,-2.82821671352062,-0.000687493670605358,0.0027766177283568803,0.020859025258628372,150.55004520573817,162.7484560127847,12.545837100478181,15.01601883328486,4.408058494496322,8.230393516194214,25.94639193486518,0.4634756679572542,0.31648205367517124,0.8354968943345211,2284.2725364108574,0.0020891240577515222,-0.0034641113989622384
zigzag_0338,local,-5.74317041727366,0.773151720292736,0.4349550767577623,0.97952034360363,161.5919633327694,5,-3.810429426735012,0.001341503487358611,-0.0005683524664570013,0.00781228053251648,21.164492989083403,11.722320448401627,7.054830996361134,5.623222174592904,31.04074374552179,48.52044658848876,137.07550556353965,0.009943263207262597,0.0032045922580701586,1.2545886997381304,64.48914033022422,0.0007731510209016096,0.0019098559538156122
zigzag_0339,local,-4.679149875615678,1.3556146017266624,0.7849334868182979,0.770437002667951,67.46127037322339,4,-3.757047806520336,0.0020951724860284295,-0.0010648045762980591,0.6313080917731579,48.210007793460385,14.913600549067539,24.105003896730192,5.931555331539181,58.25520548925749,83.98556657960332,95.07332168779742,0.02996927647232439,0.009286905557007837,4.06385889524783,86.51817724773142,0.0010303679097303704,0.0031599770623264886
zigzag_0340,medium,-2.111386449024521,-0.23463159215460672,0.7363265112731386,0.3117289653907473,110.33666397359214,11,-2.9527343876352705,0.0028317940018029596,-0.0007732416614193546,0.6070500790141657,78.59634887851706,119.25670986264869,8.732927653168563,13.25798323611899,4.188178580296507,36.01472987599816,26.904961655110366,0.2666506419622252,0.1210699926435409,0.6586920120231614,1314.697686793635,0.002058552340383605,0.0036050356632223142
zigzag_0341,medium,-3.639252358370658,0.27490596847002974,0.32623969624252375,0.8473236382639241,10.27558444044078,3,-2.5978101023946203,0.0025270380394752296,0.0023116417475083422,-0.37186751888135455,47.23622476497224,43.059232180558084,47.23622476497224,18.906847624527874,47.64856685379354,29.01316429821283,98.30182400810268,0.07156476224536888,0.02627197864984354,2.498365973166919,150.03527283921673,0.004838679786983572,0.00021539629196688738
zigzag_0342,local,-4.960461075765232,0.7269437774248936,0.3065918448929943,0.48639257896567845,116.44010432321298,4,-3.4385076172659312,0.002475168435530884,-0.0015448450490458464,0.3413939141296416,30.587016387294764,17.742331549963733,15.293508193647382,8.15659375427299,40.76063130574252,32.73772937777589,62.88500372536375,0.02414512906025544,0.007009695086846126,1.8749871152569761,82.33257539911101,0.0009303233864850378,0.0040200134845767305
zigzag_0343,medium,-3.5249827527272264,0.6905355290782603,0.864190010896997,0.24229072106781127,118.56775642169816,14,-4.47211492791182,-0.0003260236557284138,-0.002011676210007792,0.2574487684629627,61.566054491224264,37.03623222844578,5.130504540935355,2.901475321275394,7.886798755356221,81.27551308918942,27.752358261426757,0.0644544855531391,0.029452315336843178,1.768239937563954,522.7512568367466,-0.0023376998657362058,0.0016856525542793782
zigzag_0344,medium,-3.7557746527044755,0.3545992110688981,0.8293058942778228,0.5756435132210219,127.25514647728181,12,-4.340649652906567,0.0026828708498956174,-0.00035566341856446996,0.12991821085840505,46.374351926570604,39.035398641256364,4.637435192657061,3.309127680799061,6.7750280830341225,78.87499787044685,68.9680327901357,0.05369707589655776,0.023382330406198963,1.401407150157848,471.16978637405106,0.0023272074313311474,0.0030385342684600873
zigzag_0345,local,-6.050472227621084,-0.051980528902912555,0.738266012801508,0.16242540238578138,11.050456135843353,6,-3.342378066185973,-0.000525506089319799,0.0029560261592661173,0.07865719230951529,12.014423528940574,15.18654706519024,3.0036058822351435,8.979607748862845,11.187614470267999,84.44405352171802,22.50062196556616,0.009043246697762247,0.002356748821783033,0.3344918805184461,92.29599587880126,0.002430520069946318,-0.0034815322485859165
zigzag_0346,local,-5.261914655512477,1.3577118531277959,0.09163768115715001,0.11033178269198146,49.083658012418475,8,-4.3425661746489785,0.0013352204811351441,-0.0015405955768712817,-0.41348164485296657,36.06175429139104,11.132208457876974,6.010292381898506,3.302791739074786,28.364662025521312,9.956887245723584,14.652018172118522,0.018577828114949225,0.00518536701656055,1.8197612373773755,98.17086241255782,-0.0002053750957361376,0.002875816058006426
zigzag_0347,medium,-2.418867696379117,-0.08905571875122766,0.49568442099473176,0.4754184171399179,142.42502826541227,10,-5.028144670575334,-0.0001793830039641532,0.0020410366795461723,-0.5149431587207876,72.48448648549723,95.08296582977869,9.060560810687154,1.6639421837339714,5.443341908831704,33.76528961470066,43.4786805324676,0.18541239256872066,0.08902236075404533,5.445237760818583,954.2754171419882,0.0018616536755820192,-0.0022204196835103255
zigzag_0348,local,-5.740532055710448,-1.0685885178953145,0.5442947807504563,0.17734175810843075,179.00115886441634,7,-5.468834354268972,0.0025028097789318274,-0.002144187580570787,-0.17200231078001427,8.438241891508062,29.479174205536395,1.687648378301612,1.070900531514438,3.276540204536524,66.39300877521104,24.303695038310465,0.003982838419219589,0.003213058294431111,1.5759151561116385,206.59556161366834,0.00035862219836104055,0.004646997359502614
zigzag_0349,near_full,-0.04615536991391711,-0.01609317347065703,0.0870841828025163,0.49678968315379285,0.4264769136487603,7,-4.733253934869819,0.0008927240641932268,-0.00032602805166648914,-0.16107648093566618,246.2161959566776,300.252781718274,49.24323919133552,2.234640426553644,9.313930236828012,0.14388589446644,0.11715517700643509,0.9854627890371933,0.9548935889299306,22.03631448092994,2121.8259565130406,0.0005666960125267377,0.001218752115859716
zigzag_0350,local,-5.7825192398846115,0.7727844517813243,0.3016690877176926,0.36864277365720416,12.793397210023404,14,-3.5197311477748086,0.0029109008264439564,-0.0012340458343255765,-0.3293411155241125,20.748353060884053,11.496055516649434,1.7290294217403377,7.520278104382783,8.553288787344073,33.51878988809769,51.60926082670702,0.010181116850395749,0.003080943986336287,0.22991562249974073,162.4963484828139,0.0016768549921183798,0.004144946660769533
zigzag_0351,medium,-1.2339185121568628,0.2678907530318492,0.21086660701515594,0.4383265644513962,10.3636200124043,3,-3.3820684802013847,0.0008443563465428323,-0.0025312838216251096,-0.19765267889783167,156.6980002220989,143.84713758905954,156.6980002220989,8.630183663213595,47.44839083219473,6.741316083756712,27.410437043043178,0.44123304014127274,0.2911494667715339,18.15697166330638,500.4059633059009,-0.0016869274750822773,0.003375640168167942
zigzag_0352,local,-4.116254454616035,1.0601769980046563,0.010970617626118215,0.22621948734452893,165.56755973407198,10,-4.536683639416696,0.00289728582103353,-0.0024229891583240014,-0.37360037246293454,55.10803540858187,22.906944033587653,6.888504426072734,2.720050993117493,16.736918825469626,1.0510379010646254,30.03841499993174,0.031615566724493685,0.01630547309847365,2.532490914141911,237.17609176450992,0.00047429666270952867,0.0053202749793575315
zigzag_0353,local,-4.676762352286537,-0.7196478392395984,0.19667310041980524,0.7213532597713094,63.42896513540129,11,-4.483238892164902,-0.0010123163598324105,-0.0015348905070233791,0.49228998904564447,17.100867124455995,42.14426305221216,1.9000963471617773,2.8693782677387487,2.58146229525899,20.14009714968958,96.2299983394952,0.024142600798928316,0.009309104750682006,0.6621979292605339,463.9721986816722,-0.0025472068668557896,0.0005225741471909687
zigzag_0354,near_full,-0.27915333661975783,-0.11108905169111508,0.013161439384017311,0.8811445356872196,178.3444636973989,11,-3.3321052079949123,0.002206380319155199,0.0018771113931906431,-0.2144385003179442,208.97467510219758,280.2336393132792,23.21940834468862,9.072329428791884,4.736555167704347,0.18219253555618914,4.104061757784978,0.8637699946886838,0.7564239068370499,2.559365654315821,3091.2127647744715,0.004083491712345842,0.0003292689259645561
zigzag_0355,medium,-3.091211394159764,-1.1410170809045501,0.8776043474589363,0.05544574872912705,71.7052989371369,14,-3.117765050247274,0.0004371382681192463,0.0009760661578006469,0.17676922846465037,30.60673336887069,114.95705998320166,2.5505611140725573,11.241015830617055,1.271017325814793,53.11457410717048,6.250213596845752,0.13626571422681336,0.04544686697582934,0.226897742384244,1609.7383349607765,0.0014132044259198933,-0.0005389278896814006
zigzag_0356,local,-4.799636461609067,-0.3816031064212612,0.19493587288574496,0.3843623502956496,105.4916061225328,14,-3.8093784210138106,0.0014607801093443548,-0.0013811224970428017,0.08382092376821615,19.04328380045205,33.469652951213746,1.5869403167043374,5.629135320100556,2.714606504425666,20.442121124816598,52.000529006124864,0.019566537137455375,0.008232739421908272,0.2819154677340372,469.0263498954665,7.965761230155311e-05,0.0028419026063871565
zigzag_0357,local,-6.360703345053547,0.045860059830773375,0.5319434631054119,0.3523404819772484,77.77078420346785,12,-4.012258871249811,0.0011285304292419176,-0.002067044464022045,0.771812276753147,10.803958820381618,12.383613681238065,1.080395882038162,4.595490036749426,4.986087496242813,62.27574520517582,50.41171833391833,0.004782303676960201,0.0017281507979882314,0.23509916753129756,149.0737610073621,-0.0009385140347801272,0.0031955748932639624
zigzag_0358,medium,-3.7511544682198426,-1.3207398814600788,0.17929907930367409,0.5782548062378743,116.87964973033081,3,-5.282269487014406,0.002485982431026546,-0.0027550828040004477,-0.2887950070328146,20.11341674582816,90.41846726434238,20.11341674582816,1.2905452196897569,12.541140235172364,14.570047775956896,70.61800125623373,0.07155083379206392,0.02349061103197578,15.585208824114945,273.46548712249523,-0.00026910037297390174,0.005241065235026994
zigzag_0359,local,-5.587172100693242,-1.340402195269839,0.5447427941532357,0.13747319874459596,62.37490176388903,4,-5.35900495204171,-0.00041784292035998254,-0.0005479759165956991,0.25503665336183445,7.952983323069554,36.46200906881214,3.976491661534777,1.1952188599033073,6.223993442179969,58.93948126358046,19.193569925606013,0.012418808044530287,0.0037456050960210617,3.3269987572455757,146.28042457273787,-0.0009658188369556816,0.00013013299623571657
zigzag_0360,local,-5.9240594785914755,0.4040010668987558,0.7778818714404206,0.9561808850039222,50.30719411379173,11,-3.363717012812315,0.00034719731764397757,0.002194816346795519,-0.3818335808712059,16.075639653830702,12.879353831647386,1.7861821837589666,8.790022348683715,7.895740765808482,86.12897550269876,129.9577807150243,0.013865394433973683,0.002674321759611919,0.2032056475972946,142.78231363688542,0.0025420136644394966,-0.0018476190291515414
zigzag_0361,local,-6.961759466373502,0.38493682041544947,0.5735354811765945,0.5457509608860027,131.37230647783366,6,-5.5188787450420715,0.0021595404336501355,-8.759729904574565e-05,0.006953785195666251,9.477522515071037,7.739272418598253,2.3693806287677592,1.0186268776517506,17.02198499920658,68.96488357994407,79.44355969517902,0.00238456441124129,0.0009474281392410824,2.3260535145409795,47.85391872124746,0.00207194313460439,0.002247137732695881
zigzag_0362,medium,-3.290057161449462,-0.15531534924097867,0.6040789047810156,0.5963259832584576,35.10209021520165,9,-5.425783804090787,0.0015154958635087072,-0.0019100734915680811,-0.5758593446241893,45.36078710506227,63.579107484567686,6.480112443580324,1.1180101606480046,5.819606792007028,53.99596946380653,67.12915802856614,0.07740373512356243,0.037251719973047326,5.796112299931528,574.5176269914679,-0.00039457762805937394,0.003425569355076788
zigzag_0363,near_full,-0.529814615068217,-0.2348375755334726,0.5926635677675305,0.6164415607229309,9.989951976793796,13,-4.571626120518737,0.0007985296591067766,0.00247445328674641,0.7826236916775315,173.29722288908124,263.0034905242771,15.754292989916475,2.6266470489496574,3.4280046387971823,10.271790627322018,3.9078758572033387,0.8276104868982264,0.5887140982855933,5.9978720765762175,3424.231107447933,0.003272982945853187,-0.0016759236276396336
zigzag_0364,medium,-2.7527540889850104,-0.8796189510867215,0.5725636221991907,0.27345231994543573,46.034340804222644,11,-2.691863652659788,0.00040449658044796927,0.0026492597415313807,0.4629055284856185,41.311782382112504,119.47274318625067,4.5901980424569455,17.209655874609073,2.200248151854636,32.92093442114274,22.941311997759612,0.24599925153619026,0.06375204041251269,0.26672224452955334,1314.9934912885738,0.00305375632197935,-0.0022447631610834117
zigzag_0365,local,-5.695161079576953,-0.0395657446113115,0.08036671071302078,0.2604490061173344,120.88111639565204,12,-5.388247961763634,-9.218586984763386e-06,-0.0021257168031972385,0.5927599536155592,14.439548344942011,18.026775066081555,1.443954834494201,1.160773165710095,4.579646416643174,9.223108553959557,36.66641493087299,0.007345842747069539,0.0033621955544629735,1.2439595238324377,216.89868411346737,-0.002134935390182002,0.002116498216212475
zigzag_0366,local,-6.905389943317225,0.42062621768329517,0.7667928845619737,0.7229491028751784,78.78517919194951,3,-2.6214148722783213,0.002882671762578165,-8.136573173107104e-05,-0.37475557772338264,9.923963662070427,7.81971214136244,9.923963662070427,18.465781943491137,51.76321231560144,85.3804565989872,98.26329428143805,0.013327565915139521,0.0010023681352782227,0.537424501840197,28.274017775982408,0.002801306030847094,0.002964037494309236
zigzag_0367,local,-6.347401903470653,0.03912963654704415,0.1160209452573458,0.2105864292650828,49.47391794122672,14,-5.341498431924964,0.0013131731920040914,-0.0027920855491914472,0.3405229311904827,10.83951370189866,12.508270353435993,0.903292808491555,1.2163272107006096,4.130481328189468,13.675039483559889,30.189467161353846,0.004266189146564412,0.001751291254406171,0.742639645438216,175.50666722380547,-0.0014789123571873558,0.004105258741195539
zigzag_0368,medium,-1.6765939235046452,0.8877287371744964,0.08489405001213078,0.10140023204834753,160.1512304826771,13,-5.149239812144543,0.0009891192119705424,0.0029117234408847434,-0.4150677468155415,171.21184918700172,84.56280337205725,15.564713562454703,1.4741690201613287,10.429188692490603,2.6469972048551127,8.377723859146363,0.3454587149100474,0.18700986238254522,10.55829647047619,1114.9419159253,0.0039008426528552857,-0.001922604228914201
zigzag_0369,medium,-2.1246911085320317,1.2092601322385195,0.35940650924564616,0.1110320538541678,134.64046889565506,11,-2.904519786650239,0.001598195391019594,0.0008635805764990946,-0.24096601991001543,160.71277714274385,57.55150024787844,17.856975238082647,13.912872355886105,17.237976623943922,14.456989539832527,7.235613028999795,0.39110127312704174,0.11946986578998303,1.28348588136999,657.4265076206453,0.0024617759675186887,0.0007346148145204994
zigzag_0370,local,-6.240111338906699,1.1351745811156537,0.0944983392908968,0.8335974488456551,38.19609030784376,7,-2.955813905379341,0.0004776457780240784,0.0013194753608533113,-0.5566502329197527,19.783848809348445,7.629427912641014,3.9567697618696895,13.217217842585447,27.412133157555274,10.166786636389835,111.70633996803113,0.018450239189892758,0.0019496384401480862,0.29936479893076334,58.23099715621646,0.0017971211388773897,-0.0008418295828292329
zigzag_0371,medium,-3.6674680362234846,0.871452330226026,0.2386437144245677,0.6265554910069068,143.18060601694688,8,-4.9052840735205905,0.0006218141542626791,0.0007036747124549905,-0.36861626848068996,62.76053259334609,31.506555666894975,10.46008876555768,1.881463993037805,18.36602272981247,21.74557029206796,74.97749494687933,0.060679582142899154,0.025541057177499053,5.559547673654311,262.19833731975996,0.0013254888667176695,-8.186055819231139e-05
zigzag_0372,medium,-3.2742372264520263,0.2784929702456608,0.035876417569334684,0.3987655926866178,43.543808322313886,4,-3.45968075751674,0.001258275464928842,0.002483529147587063,-0.3251803811818647,56.79578634539323,51.58808450954483,28.397893172696616,7.985708523193443,28.831635229512756,2.977784835338993,43.26397529065184,0.0998087897051667,0.037845725941009434,3.556089367677102,220.95173184961624,0.0037418046125159052,-0.0012252536826582211
zigzag_0373,local,-4.3116764944309995,0.9184722924678338,0.07552565754924503,0.9519819127296852,66.87560751654573,4,-3.8536465300477856,-0.0010724045323307122,-0.0025569562071901144,-0.4445340404531391,46.55955128545941,22.299882967610234,23.279775642729707,5.385379259316289,46.231581569373326,7.85991226041154,117.16794440995675,0.03473929886285797,0.013411047191009356,4.322773665839318,109.07403163386785,-0.0036293607395208264,0.0014845516748594023
zigzag_0374,local,-6.611490420306745,0.42573125734548634,0.9221071655648888,0.7128137042537592,115.56229206350649,7,-2.959892282243457,0.0021498621587311513,-0.0008139110350640893,0.6172764126340862,11.524263537482584,9.034449432388337,2.304852707496517,13.163422819881333,14.311911913294358,102.96358631363594,97.28147076475219,0.012620422572916632,0.0013448262985784293,0.17509524225077613,64.68799971132775,0.001335951123667062,0.0029637731937952405
zigzag_0375,medium,-2.0444018660681964,-0.12388369259565689,0.30360140870961816,0.6892972072909072,124.59201182983462,5,-5.39982763605667,0.0022938410288324074,-0.0014700090936931192,0.18910992482130062,85.90065788454004,116.67551864956968,28.633552628180013,1.147409314374256,13.788558569272062,16.33172557181536,57.297550783197615,0.26202404270264434,0.12945759980751487,24.954959201978788,593.76401277909,0.0008238319351392882,0.0037638501225255266
zigzag_0376,medium,-1.8063996356807577,-0.6324803788937917,0.5018943043622311,0.06880309379991077,101.8328885237555,5,-4.211173528827234,0.0009216635827619325,-0.002721194469415565,-0.11675440396196568,75.03046715126132,169.4734361091986,25.01015571708711,3.766554802626001,8.394870166986697,17.13553330208643,6.610367259295353,0.27022207933954095,0.16424441328511027,6.640061548991747,852.8736966991437,-0.0017995308866536326,0.0036428580521774977
zigzag_0377,local,-5.736989633742072,-0.5218107967880129,0.23550124166295017,0.4036289411816833,3.8137505210349545,14,-3.9584008786840306,0.0004070858472866269,0.0012573882419424772,0.6746010556863176,11.110982701871144,22.4674232687896,0.9259152251559287,4.849780219397698,2.359907090555882,27.81948173443929,55.79800498860841,0.006489788369855521,0.003224460486483178,0.1909190073093497,314.77277852159403,0.0016644740892291041,-0.0008503023946558504
zigzag_0378,medium,-1.9100607095349171,1.0793962704651574,0.07897377937364779,0.6110957528981578,156.15101031756436,6,-3.854203714037388,0.0021741903300908144,-0.002920384900201606,0.5518711192701724,167.67071855701545,68.36953521457703,41.91767963925386,5.382379448016085,31.512655081102032,2.6023139205127648,51.14117483119814,0.33388534700047057,0.14807139697694244,7.787945841444621,457.5252350135116,-0.0007461945701107914,0.00509457523029242
zigzag_0379,medium,-1.6386499281826303,0.4115455202927667,0.3108650574260589,0.3206275300303577,154.9453850039624,4,-4.008703055764548,0.002261521071489104,0.0019002094609539633,0.5216829880272631,137.52174678999782,109.35047594166367,68.76087339499891,4.611859838133026,32.162167365973204,11.965122543982545,22.663554326213553,0.3736858403013724,0.19424210614182552,14.909575704459115,477.04633542026176,0.004161730532443068,0.0003613116105351407
zigzag_0380,medium,-1.0431367923818966,0.6624502173695139,0.3552087874006711,0.8315099313205396,40.711631659390534,12,-5.275004729601571,0.0014714688902071754,-0.0026442156445594996,-0.004595592750229471,209.97552567320793,129.91265226042924,20.997552567320795,1.2999548556181866,9.181216049442606,1.4686199026967561,28.07829078562869,0.753084357039704,0.35234770509104063,16.152524433116195,1575.8114150538158,-0.0011727467543523242,0.004115684534766675
zigzag_0381,medium,-2.123044566178925,-0.24348431977302476,0.3601638844333175,0.1839324537318166,61.88087635829013,14,-5.512281541767064,0.00022427760269942763,0.0004075768654419926,-0.3049291202728527,77.7944291638274,119.08954636676543,6.482869096985617,1.0253691819471857,3.115930775025924,19.973613754069667,16.431828225833836,0.23310867838980803,0.11966674002032664,6.322473125898505,1669.369527638044,0.0006318544681414202,-0.00018329926274256495
zigzag_0382,near_full,-0.19927785417353072,0.06471962676149318,0.39332430534016755,0.7121840653318717,177.79377790568932,9,-5.146178559239203,0.0017206605957925743,-0.001758123422874315,0.45835941948451486,237.47328983855894,267.1090717325348,33.92475569122271,1.478688738828586,7.238218891543953,0.9607939045123757,9.690175601516273,0.8932029149375984,0.8193222096075478,22.94245895055495,2419.0017165247864,-3.746282708174081e-05,0.0034787840186668896
zigzag_0383,near_full,-0.24877963179770662,0.07166318893708745,0.6307784966427366,0.07688678605645857,179.88869622491364,3,-2.6940233371202083,0.0011106562528740158,0.0023165440745447838,0.14076222020920692,232.47345479587682,259.6759255693588,232.47345479587682,17.17252855432672,41.83632139024393,1.2037390261210013,1.0559285953749755,0.8962126435471582,0.7797517869524072,13.537520351789063,867.8851974702181,0.0034272003274187996,-0.001205887821670768
zigzag_0384,medium,-1.7267794024096585,1.147453251448025,0.6328650048878148,0.13177951311020078,125.87431866390202,8,-2.9839865698394656,0.00109570687192591,-0.0017033096145091739,-0.5723168013962187,190.12299247278852,72.42412751781026,31.68716541213142,12.850049933113286,23.630446539737914,20.87121900107688,5.953706132938079,0.5208528917869524,0.17785629212026105,2.4659176872516877,619.1645051774278,-0.0006076027425832638,0.0027990164864350837
zigzag_0385,medium,-2.8302999829377615,0.5894943258341818,0.06856837396476351,0.24907101294923747,115.64978595518797,13,-4.780288508151956,0.0012225146802755282,-0.002214544157366981,0.3825942261266133,82.84169011389761,55.133563543325074,7.531062737627056,2.1319685586961192,7.778275291199948,5.677294044355913,25.33194636623343,0.11577546342576434,0.058995153475249265,3.532445498273644,722.3681276806833,-0.0009920294770914529,0.0034370588376425094
zigzag_0386,near_full,-0.22667190952258115,-0.026249934427081706,0.45072031464246404,0.1016983569297537,175.87136009721513,12,-4.8804432710277075,-0.00011496258287158317,-0.0005587135204644291,0.10755445845074141,223.8269805295315,275.7362619618892,22.382698052953153,1.928786398354821,4.640769554913396,1.99202828744512,0.5899521076046088,0.9284599206224831,0.7971822873063732,11.6045499242657,3317.904726831438,-0.0006736761033360123,0.00044375093759284594
zigzag_0387,medium,-1.3242569862140279,0.6728578956028052,0.3687364218716979,0.01794823259548829,175.59112593967964,12,-3.9487799245735036,0.0026496107018182326,-0.0011106017283320784,-0.028826988711461943,183.3936108020233,112.29152404611337,18.33936108020233,4.896664908407939,9.275609076201157,10.556599512873605,1.5568661663180021,0.33370698984132363,0.26600052774090865,3.7452759017085846,1362.3755835497632,0.0015390089734861542,0.003760212430150311
zigzag_0388,medium,-1.445632298328135,-0.39746404415825004,0.7864506298520098,0.02766239556076453,40.330341692249554,6,-3.0107894752908413,-0.0012364175583998841,-0.0005120383401303759,0.7733785692718418,101.0672458485702,180.4712881551234,25.26681146214255,12.510206006979612,7.969869184844347,16.720178951519884,1.1642915505049602,0.6026524344334715,0.23559706182164128,2.0196958745560107,1089.8683350520603,-0.00174845589853026,-0.0007243792182695082
zigzag_0389,local,-6.2130556860041315,-0.8686900371136003,0.9778756498330584,0.45999298453790527,101.85673543137833,13,-4.462930737524932,-0.0012815464019750576,-0.00038497074938985843,0.413667407507043,7.362955432434051,21.062053295537996,0.6693595847667319,2.928245767293109,1.8202677067268525,111.67685300577817,66.652798296893,0.004958907427821369,0.0020031072360680168,0.22858722865515915,273.92366199318207,-0.001666517151364916,-0.0008965756525851991
zigzag_0390,local,-5.912297094802295,1.2425503406471636,0.3880507640956276,0.22241546446853164,163.48257046368934,13,-4.980326495973448,0.001023352726244224,0.001684842487974656,-0.26262928164033605,24.592976399118154,8.518430464486435,2.2357251271925596,1.7454419168044752,14.706020516889296,43.81682782512742,31.969052146264893,0.006305121248802766,0.0027059638871319257,1.2808934549284152,113.91315862423343,0.00270819521421888,-0.0006614897617304321
zigzag_0391,local,-5.675776763266462,0.974046173271233,0.1976859185650568,0.3587081594224608,88.31205334658068,8,-4.600163909990415,0.0003703070549206345,-0.0005763557550754685,-0.31230361552529917,24.202815564146988,10.965394458428147,4.033802594024499,2.552747823972017,20.196884243340516,23.692619045711794,49.79906932416237,0.005013525945169497,0.0034280051933558587,1.5801806023079843,92.033654791751,-0.00020604870015483398,0.000946662809996103
zigzag_0392,local,-4.163153774311693,-0.06993469614614921,0.05044382499006779,0.2309294833704656,67.02490772859032,11,-3.9962361546989795,-0.001467106987710818,0.00014862287605193559,0.22396520047561408,30.593575373173255,39.37166065272798,3.399286152574806,4.669715328459754,4.934588826361092,5.036509974980306,29.46005197930948,0.034835837753572685,0.015558412741880997,0.7279429073240783,434.40651524173205,-0.0013184841116588824,-0.0016157298637627536
zigzag_0393,medium,-2.7541827434945105,-0.8760358043040901,0.757751426097785,0.9148342885295555,22.60129899652405,4,-4.118895896114323,-0.0008978654597126493,-0.0023242405368192284,0.006513988288149086,41.35630931900768,119.1737311655923,20.67815465950384,4.130664834541908,9.843540294724397,62.369941545171166,79.35447015934595,0.15160633632880718,0.06366102580218472,5.006011256732005,480.2562408411942,-0.0032221059965318777,0.001426375077106579
zigzag_0394,medium,-2.3064228011706045,0.39701559617514404,0.522962535422446,0.25675726055079545,80.36807043547671,13,-3.054314260502274,0.00026800971408911124,0.0005841957457305251,0.013116749769630731,97.77125957933902,78.88070320612678,8.888296325394457,11.977381623851764,6.428984275297179,38.191902198221605,23.287406037427246,0.17205321036645851,0.09961696464141996,0.7420900998674284,1030.9402112015077,0.0008522054598196363,-0.00031618603164141387
zigzag_0395,medium,-1.2938143490622762,1.0304848229468146,0.005536940557686162,0.5403385085094208,173.7834498274346,14,-4.111811674062157,0.0022327647081229977,0.0001050780722453063,-0.4336165142882642,222.66524585574513,95.3454143246339,18.555437154645425,4.160031277839729,11.012834685624762,0.04909444475456292,48.98642848067117,0.37684159943507467,0.2742228041856863,4.460408087191381,1356.3011959787618,0.002337842780368304,0.0021276866358776914
zigzag_0396,local,-4.946047234779671,-1.1912043619275117,0.6955380057327717,0.37187000182817154,75.06716286282432,13,-5.448971078527476,0.001253603015036076,-0.001340579085179384,-0.7996840433498662,11.807187647071965,46.629546598485376,1.0733806951883602,1.0923847915750395,1.3186772941026412,71.14159571547273,52.06900759759957,0.015810747404729056,0.007111463391331904,0.9826031115287879,606.3199845283525,-8.697607014330816e-05,0.00259418210021546
zigzag_0397,medium,-0.8571100457221013,0.5023245315084922,0.39680772662192487,0.7384553659671959,99.0432591969188,12,-3.866642358334502,-0.001219927752871084,0.0013501703100894762,0.712037011611264,212.71250451252067,154.46052084865977,21.271250451252065,5.315844604071708,7.841064179835061,12.289122688477915,23.766478113629827,0.5964588793225137,0.4243867701813869,4.001480862506629,1868.104116150065,0.00013024255721839212,-0.00257009806296056
zigzag_0398,medium,-1.8948703645852865,0.2350496309536005,0.24388263678851155,0.16611888731377156,24.42485912467095,7,-3.0164619499975105,-0.00042108757960779937,-0.002174535883022688,-0.6297619917300032,110.76644663003776,105.07725337349436,22.153289326007553,12.43944307005936,11.905241121308364,11.368272801037644,12.197691486576746,0.32799658713302043,0.15033782288923314,1.7808907682795352,747.0901966689601,-0.0025956234626304873,0.0017534483034148886
zigzag_0399,medium,-2.935410231871715,0.7086790313747234,0.40646991649922626,0.46260283819717263,57.52189469495759,9,-3.3657992694532957,0.0015262386605885436,0.0009629281073235008,-0.13759842016271695,83.42672208768614,49.284576992202425,11.918103155383735,8.771738308911738,13.594408736189848,31.606166885644882,45.299633588345756,0.13859889614476859,0.05310892786205028,1.3586934237738733,453.5050987603773,0.0024891667679120444,0.0005633105532650427
zigzag_0400,medium,-3.1742903098259805,-0.12010979394500498,0.4651824214059359,0.5215604738842653,171.98365927636826,13,-5.393297101589456,0.0006027706324873553,-0.001026483987752006,0.40599652986996015,48.91745154542673,66.19239425085004,4.447041049584248,1.1549270310859576,3.843558892509713,45.36109068184208,60.27358970888424,0.056120640050347455,0.04182377547742342,3.850495251983819,862.1424996096779,-0.00042371335526465064,0.0016292546202393613
zigzag_0401,near_full,-0.18952807567717384,-0.03477519798269841,0.9035150631700325,0.3232182343532811,174.85403626142863,8,-5.245255529958864,0.00011886188762238125,-0.0029353853553484356,-0.6630700404577364,227.05280922634432,282.10501210317994,37.84213487105738,1.3392084588245117,7.640163275881418,0.49940947554268966,0.32531662186533455,0.9890721760607525,0.8273494881742367,28.25709068793761,2272.0008606122838,-0.0028165234677260545,0.0030542472429708166
zigzag_0402,medium,-2.5456440948992913,1.292798713353474,0.5695978204306616,0.7330732055634543,130.62608846329184,8,-4.247899345368895,0.0023596425413240345,-0.0007325608636908412,0.7292662246513693,135.76311644996605,44.72060778646208,22.62718607499434,3.6307343266084198,26.83793999843122,36.038579010228666,61.402594681838025,0.22601002607428688,0.07842252416230999,6.232123873445483,390.1557033793278,0.0016270816776331933,0.0030922034050148758
zigzag_0403,medium,-2.861942009424889,-0.6503806419469738,0.56365666719905,0.703952883722441,133.8738891314356,14,-3.2778319085294907,0.0014801487084941693,-0.0010283789263553739,-0.7341990846880599,43.867465534610766,100.874295237602,3.6556221278842305,9.578321410207003,2.075455403500897,38.70531616497314,66.77729613599456,0.17341341655628117,0.05715765171512565,0.38165582165458223,1413.0347374474077,0.00045176978213879544,0.002508527634849543
zigzag_0404,medium,-2.85465505256325,-1.3110209432896633,0.6091716770617189,0.4812471709235079,55.29123204299589,3,-4.966456693776433,0.0017151689545623705,0.0013518829179931567,0.6733075346083506,31.642345439662897,140.87018170882075,31.642345439662897,1.7698195163841832,12.659691524107359,35.8548507101596,47.18949067295048,0.19132431304417213,0.057575678278496654,17.87885439545246,426.1205771576105,0.0030670518725555273,0.0003632860365692138
zigzag_0405,local,-6.332713179316927,0.1732006325040441,0.728272556463298,0.5181351435284706,159.2458856882605,12,-3.922587990840423,-0.0008408308929919483,0.0005194746503538374,-0.011392249257627052,11.676496714846975,11.783484328615215,1.1676496714846976,5.026612390352201,5.6590821403330835,84.63399727501886,73.35804795218648,0.006030363423921537,0.0017772053450891556,0.23229355693425235,141.9789227319938,-0.00032135624263811085,-0.0013603055433457857
zigzag_0406,medium,-3.0119922427637524,-0.5498254142348812,0.23402498870655924,0.8293079566424105,5.182193173435393,9,-3.6951552391483995,0.002443868039948139,0.0018300812396775468,-0.5079501825745529,42.79517824949098,88.99430772565792,6.113596892784426,6.310273552739759,3.9298449932496555,22.991441437855737,85.19050205365411,0.07380510392956,0.04919357552531649,0.9688323084076218,802.4169787183054,0.004273949279625686,0.0006137868002705923
zigzag_0407,medium,-3.2219742103309104,0.9493108549842736,0.13063491000135816,0.858845221582638,25.133414732192897,7,-5.025265389813518,0.0022908821828367845,-0.0029537989666712397,0.35653332971606533,81.53257138834648,37.86447324809071,16.306514277669294,1.6687400443316054,23.29935643436119,10.573932047686451,100.3439796845411,0.08462954241297169,0.03987625638319811,9.771752246887969,281.86123061509437,-0.0006629167838344552,0.005244681149508024
zigzag_0408,medium,-3.672787663050628,0.8973972758491389,0.8948408345551391,0.8643363805874268,147.3291408047604,6,-2.9023671782722817,0.001800166015252654,0.0007726772690619791,0.5035342606683864,63.411109412413,31.017865792394147,15.85277735310325,13.94285357881961,27.070910759292452,73.65175978643168,97.32259262657963,0.09190816913489377,0.02540554903048659,1.136982272924746,201.37236269790446,0.002572843284314633,0.0010274887461906748
zigzag_0409,local,-4.546419728279926,0.20901055888133221,0.5528030435858249,0.003807602794280482,123.99697651368722,12,-3.623092442943764,0.0015616148020392074,-0.0006859851035078629,-0.24352853520726658,29.038707526973862,28.273944181157333,2.903870752697386,6.781795053575048,5.86399286862456,56.63672738738981,0.48642318660514033,0.03126115487901952,0.010605105654806718,0.42818615569436885,340.77462618048196,0.0008756296985313445,0.0022475999055470704
zigzag_0410,local,-4.590145737249886,-0.7463328166501925,0.40733169722848733,0.19225544870201988,176.37615846558683,11,-3.2800471604607155,0.0019824231282858564,0.0009386030096269699,0.191979933482467,17.621063743763926,44.60069150546423,1.9578959715293252,9.557126499905692,2.513575384412257,45.509757826373715,23.938941968562485,0.0220038657304999,0.010151378831526744,0.2048624104273021,490.9941880628289,0.0029210261379128263,0.0010438201186588865
zigzag_0411,medium,-3.574092615724915,0.5027345961745776,0.7745807702318929,0.44613832064128317,105.14210792480934,11,-3.6646501375652623,-0.0004427731396067923,-0.0020293732346989115,0.21628162593510414,54.68859885384235,39.695674133431886,6.076510983760261,6.5057352203102745,8.703129919421997,74.90887175993115,52.122746580709546,0.0556671222485509,0.02804085806771579,0.9340237156885793,440.8139720497603,-0.0024721463743057038,0.0015866000950921192
zigzag_0412,local,-6.295320602146729,0.6821403286750913,0.5870686465707401,0.7053592991561968,0.37012455713239,4,-3.3931319981587293,-0.0008764085735810333,-0.002298805164064266,-0.6208936442033073,15.3443009316522,9.308475771604918,7.6721504658261,8.535229702246328,39.49573088710848,67.51456750179541,101.14937300399238,0.005577939380956953,0.0018449177136227095,0.8988803738705381,42.74242471666959,-0.0031752137376452995,0.0014223965904832329
zigzag_0413,medium,-0.8940592911249765,0.5844493895142309,0.04390211552498204,0.19130196616824943,98.48576871732176,7,-4.12140808796817,-7.04839601492974e-05,-0.0008066118764019077,0.46797451370261256,217.57188816399386,145.53279894248584,43.51437763279877,4.120300835621124,16.646690409873457,1.6083866962294395,6.0691890835363225,0.5634076876844998,0.40899216028720947,10.56097099915742,1050.5604403428356,-0.0008770958365512051,0.0007361279162526103
zigzag_0414,local,-6.633419739734092,-0.549242352910433,0.6536942448107178,0.7962481628425649,89.10662680172561,9,-4.911580003654944,-0.00013998548660363588,0.00215730387528472,-0.39734202733524254,7.000651531805824,14.549652794337723,1.0000930759722604,1.8696556384806464,3.932129814129439,77.60801381746323,117.71524485650505,0.001951374529701665,0.00131565618247054,0.5349076350685489,131.1871919769388,0.002017318388681084,-0.0022972893618883558
zigzag_0415,near_full,-0.23722589113250248,-0.07728227440710587,0.6859031953009718,0.17490340941209195,177.98079054331276,3,-3.456866080224075,-0.0012456581012548545,0.0016649541689592673,0.7949574698653075,217.03967789075315,281.3737946547992,217.03967789075315,8.00821737836092,37.64505377387189,6.480274897297206,0.6705980892948703,0.9023212872664306,0.788813082010361,27.102121188320655,918.1029524284953,0.0004192960677044128,-0.002910612270214122
zigzag_0416,local,-4.851606704016701,-0.7408737384283813,0.17423777803769716,0.43589022413782486,172.53116903096415,6,-4.742561464216205,0.0023398503396077973,0.0018017455016191017,0.53225884979082,15.503937839124767,39.02839042919099,3.8759844597811917,2.213937939164005,5.671556845877367,20.13069134552612,57.015420464035415,0.012792804571332313,0.007815809762633416,1.7507195622858267,234.9383165482563,0.0041415958412268986,0.0005381048379886955
zigzag_0417,local,-5.566146501991385,0.8430658353656812,0.5358139182701278,0.6348397725768884,152.4792545541749,10,-3.4636474393510417,0.000954899194871804,-0.0025038212243931024,0.05546023031822411,23.945823720039442,12.367222859973733,2.9932279650049303,7.954094501096773,13.60561026142774,57.95360556517288,86.35032906020663,0.015945252273609475,0.0038251924394901143,0.3763128492617482,126.52878424031726,-0.0015489220295212985,0.0034587204192649064
zigzag_0418,near_full,-0.3121530578079782,0.2983799931086362,0.6177132755058561,0.7947535491762895,84.37295542747664,14,-4.986085274617391,-0.0011335806841945007,0.0007053992871761477,-0.539110413417027,252.2568298709763,224.61533083199942,21.021402489248025,1.7354191902007667,5.346649878807509,1.1845790827608749,11.856685820447911,0.8884865761710566,0.731869501313637,12.113155488856906,3156.3930605354117,-0.000428181397018353,-0.0018389799713706483
zigzag_0419,medium,-2.487390366048868,-1.2072139874744716,0.8247520520631604,0.24801076074146608,88.58377033304932,7,-5.114876491832302,0.0017018030185477124,0.002044042606032837,0.5963031828276653,40.04613202733078,160.70455780297286,8.009226405466155,1.525706795558022,2.853157995153005,37.44037378038608,32.14607370265206,0.09606385932533834,0.08312661380086155,5.249518733733376,1125.929199355616,0.0037458456245805494,-0.0003422395874851246
zigzag_0420,medium,-3.637560276970377,0.01820691841286709,0.7251748532840218,0.45046009702938794,120.13260923847682,12,-5.1754982397950124,0.0006778612492677628,0.0027623688160885573,-0.2789186254731941,41.581592765291745,48.99764452911843,4.158159276529174,1.4359634637388035,4.850753400959365,68.45170200676822,54.56823157737803,0.05266495212176089,0.02631647060765711,2.8957277685203895,589.7329689212747,0.00344023006535632,-0.0020845075668207945
zigzag_0421,local,-5.296819451657019,0.3965281345921044,0.5163030466304824,0.6960321227284031,92.92458143177865,9,-5.101270769100722,0.00023249943948035895,-0.002248347820379294,-0.31439070627363797,21.915378576464324,17.68969082601401,3.1307683680663323,1.5466069979555424,10.036430232428268,60.302051292751585,97.57921739100203,0.00643542918565249,0.005007495186629478,2.0242817808304827,161.13158534098133,-0.002015848380898935,0.002480847259859653
zigzag_0422,local,-5.8664461065046805,0.424814036856203,0.6386662716268582,0.5606957443485315,142.38436348459538,7,-4.359073029598012,0.002236369596720156,-0.0005376311753156073,-0.022851987371067528,16.718539146093374,13.118530230575006,3.3437078292186753,3.2487205354231836,14.299329074316114,72.86975706013743,78.398687760906,0.008384061584127807,0.002832923373001498,1.02923837023215,93.92683396086129,0.0016987384214045488,0.0027740007720357634
zigzag_0423,medium,-3.7159414499898333,0.06039012259675911,0.35387844055463774,0.3285756371534025,140.79709712290517,11,-5.201299674937273,0.00030772590271449,0.0016704317323080354,0.3344210589346652,40.83577777171463,46.13122430411528,4.5373086413016255,1.3993874316974348,5.617348305679902,33.835881571535765,39.63811894262086,0.051507897576858606,0.024332522475302928,3.2423534315996694,509.44686714006536,0.0019781576350225254,-0.0013627058295935454
zigzag_0424,medium,-2.230036842137045,0.5273907722585178,0.22025175195177965,0.06249748768135735,84.42519955460193,6,-5.302869501055381,0.0018264804851210515,-0.001978470358126521,-0.7443957114209419,108.4198545272461,76.77983316047049,27.104963631811525,1.2642319276567122,19.444148216076584,18.244530340729224,5.876422856850284,0.13320054267706402,0.10752446863161123,21.43986640335156,479.2545378465825,-0.0001519898730054695,0.0038049508432475725
zigzag_0425,local,-6.152361796016487,-0.49960675811366734,0.8895410119339208,0.44468348951637426,139.99096044344662,6,-4.150869201558672,0.000367202092636993,-0.002924057859160542,0.7405620579388821,9.128030828901615,18.05239395122305,2.2820077072254037,4.000682875643156,7.204560999859297,102.19315950640635,62.137411305797585,0.007929475451389455,0.00212844886697668,0.5704045479632136,108.88901548463487,-0.002556855766523549,0.0032912599517975353
zigzag_0426,medium,-3.7025725666365874,-0.04484176201441948,0.24916126242736492,0.41902958482245845,100.26618201384298,14,-3.1910065957863027,0.00047227688579331434,-0.0006394546209715388,-0.6509339566265973,39.00255288952286,48.94956202305266,3.2502127407935717,10.447133883099966,3.798818805621425,23.26433979991308,51.447659819567555,0.051468682435902316,0.024660005292267174,0.3111104707915488,686.5873137830065,-0.0001671777351782244,0.001111731506764853
zigzag_0427,local,-4.591765272662229,1.0322237615551757,0.7472509259847371,0.3998292637597736,112.74534765396149,8,-4.040778600818317,0.0019082859135810546,-0.0006058161456204353,0.36427896257813597,42.84391000895568,18.31391780728664,7.14065166815928,4.466279190811949,21.30095996472147,80.21721463148909,50.450729602846096,0.02661952708452547,0.010134951619841069,1.5987920510766687,154.56843804278424,0.0013024697679606193,0.00251410205920149
zigzag_0428,medium,-3.8903178605018867,0.9288903169203732,0.17566116452933156,0.19063946554125516,64.00649188091307,7,-3.1215537020779904,0.0029482788464740757,-0.0010511610679540485,0.645019607334514,57.77871730919813,27.386542280794355,11.555743461839626,11.198508109734435,22.87729872040194,16.60766253757886,21.531737406184405,0.06616282531294433,0.020438848302726183,1.031900262838999,203.3965942306167,0.0018971177785200271,0.003999439914428124
zigzag_0429,near_full,-0.36381305634359384,-0.18728512159643923,0.4444791294730776,0.7292944976660449,174.72564361224008,14,-4.540146880252719,0.001411694487226692,-0.0025419413112111964,-0.3886728481539072,192.8254119186922,279.0502453421156,16.068784326557683,2.7106470948235817,3.2956714391044355,7.4208019899119755,2.281766373465289,0.8507084780575286,0.6950211123869215,5.928025214807055,3912.250653803479,-0.0011302468239845044,0.003953635798437888
zigzag_0430,near_full,-0.40856922351329794,-0.08522159331694133,0.3387392506687692,0.6993555487123205,7.217309450525707,10,-4.90703267547084,-0.0009461316429595965,0.0014002472790653562,0.5771324615829401,198.43048923100952,259.2990447845611,24.80381115387619,1.8781769361448457,5.464126110360331,3.8050504754504084,7.177755451268512,0.8501628863954401,0.6646004649199928,13.206322938236372,2602.4594849436685,0.0004541156361057597,-0.0023463789220249526
zigzag_0431,medium,-2.0849739295270404,-0.6150127460179581,0.44988301620548576,0.29165505512401285,163.5235737164307,10,-3.499814642109354,-0.0010019261427031277,-0.0010037934557962694,-0.17182368880839816,65.84746489338659,146.15610050149468,8.230933111673323,7.671557241157287,3.2232668826787068,31.462838311556276,19.896345806196535,0.24819435474673707,0.12431036095343857,1.072915557158986,1463.4136715495338,-0.002005719598499397,1.867313093141705e-06
zigzag_0432,local,-5.204617305191481,0.16841421730117878,0.9991908984378594,0.6745037893003824,10.450354397394051,3,-2.7034937519062754,-0.000937814973605718,-0.0012644156539780584,-0.2770005087763642,20.475575219098694,20.762325338835016,20.475575219098694,17.010665252071878,44.60159691399235,105.05701336060143,87.97356847996843,0.02481461730591474,0.0054911514740363515,1.2036904445347776,70.68495475750773,-0.0022022306275837765,0.0003266006803723404
zigzag_0433,local,-6.3892932335567085,0.9928902357629679,0.5072540509457265,0.23543045913734478,172.51966426657162,5,-2.6737821170098237,0.00230241945426638,0.0006615655012212041,-0.7498844160855707,17.100928634097517,7.6031610553428095,5.700309544699173,17.523663192956654,36.8599551612573,54.88461406348706,32.41634704293339,0.01428905349476291,0.001679442755814668,0.32529211968592947,43.714466253190416,0.0029639849554875843,0.001640853953045176
zigzag_0434,medium,-1.7509284378164875,-0.9834146980218885,0.5107580559307219,0.9813134998056621,107.71015724577701,12,-3.330060154068605,-0.0003545099013185602,-0.0019458851055149105,-0.4549861587087975,64.72598210976255,207.65934110414761,6.472598210976256,9.090901816004829,1.7852918647695304,6.401544927599909,82.69805250113797,0.4029122357609788,0.17361268002294183,0.7119863729669851,2492.9205804411945,-0.0023003950068334706,0.0015913752041963503
zigzag_0435,local,-6.2264195451810815,1.1686849028506843,0.4915644647722823,0.830023280149698,149.30053318879408,6,-3.039825793301729,0.0012614927178738714,-0.002164694659270281,0.44910098650514585,20.256322070764128,7.5541992432024765,5.064080517691032,12.152178738074848,33.83656744161505,53.1067885240799,112.59666748686874,0.01640683258021173,0.001976516069102135,0.4167220238313648,51.486598045076626,-0.0009032019413964098,0.0034261873771441525
zigzag_0436,near_full,-0.520295229252567,-0.22262617439750956,0.2589699948038217,0.21614649188124738,171.645820397282,11,-2.77852957243212,-0.0007792770844918622,-0.001492706168845745,-0.5387244082850028,175.19043200957168,262.64972395105326,19.465603556619076,15.780968593007312,4.238579191127794,3.185501643585725,0.1704523272581036,0.8984710802243753,0.5943450540199299,1.233485982935449,2895.6299658435223,-0.002271983253337607,0.0007134290843538828
zigzag_0437,medium,-2.710741513548318,1.2502133484056615,0.4683044108559397,0.15398365052092514,98.17887572445414,7,-2.6383507196588702,0.0021204353633164394,0.001180540169114906,0.5534911191984244,122.37256275439648,42.06341635965433,24.474512550879297,18.155681596761422,30.192897159838804,40.83644778319006,12.098040676475728,0.15182299697021934,0.06648748705923216,1.348036008477094,327.4544287934482,0.0033009755324313454,0.0009398951942015334
zigzag_0438,near_full,-0.24852172028344438,-0.12646298353826907,0.5944482156006285,0.36148953093775016,3.515506029231721,9,-5.417163663341244,0.0015077421191778601,0.001776703145022208,-0.6525922375608899,210.57500650808421,286.7545018470121,30.082143786869175,1.127689223097569,5.988741321534339,7.443420961316575,0.809412588917997,0.8881613164744263,0.7799529198526594,26.675916707121388,2591.805539268704,0.003284445264200068,-0.0002689610258443478
zigzag_0439,medium,-3.28571417725302,-1.1017628550482532,0.10578246421392656,0.8339258688748655,72.67509181974201,6,-3.6378741686990126,0.00015145396994744697,0.0029666700097818795,-0.46816028329076387,28.32077830213485,102.2765237958013,7.080194575533713,6.6822856909075234,3.960039843146885,7.381549884372127,99.62834840387161,0.09735530036798579,0.03741385542519049,1.0595468232026681,614.6382382528705,0.0031181239797293267,-0.0028152160398344324
zigzag_0440,near_full,-0.4427066410060972,0.25767342255471803,0.40777918305336625,0.5274065581463648,96.49753387358736,6,-3.3916855507492407,0.0014703270572976844,-0.002811522515706543,0.5678165081062081,231.5550536028891,214.74811690152393,57.888763400722276,8.547584396192006,15.086388975931692,1.013018449622495,10.804283316024392,0.8486480064392733,0.6422956026444586,6.7725290231134805,1319.151111973817,-0.0013411954584088585,0.004281849573004227
zigzag_0441,medium,-2.789194126699955,-1.0881703006851418,0.5381281611629695,0.0503109285778793,96.45171800560033,6,-3.2452940763908296,0.00046309451353490584,0.0023558175797882734,0.21468899386842866,36.54893520911912,130.20939830937192,9.13723380227978,9.895105002073715,4.014058418713103,29.47975470121255,6.110441497498867,0.11546948647580464,0.061470731581153244,0.9234094838169876,782.5371962124941,0.0028189120933231793,-0.0018927230662533676
zigzag_0442,near_full,-0.3244023720158352,-0.09071173252401243,0.18202250328260816,0.22277177548519875,172.7047996362838,12,-3.6929823521196927,0.0016695326800554426,-0.0029830618535735885,-0.7939507584704137,206.3919879430552,271.18751098526633,20.639198794305518,6.323999971868434,4.35220523035405,0.7068932614748462,0.2811293637592464,0.9613935031218592,0.7229592852622894,3.2636304373998346,3262.0927029303566,-0.001313529173518146,0.004652594533629031
zigzag_0443,medium,-2.440781780869037,-0.9001899726890088,0.8174806927743123,0.6134107986467784,170.39089421098646,13,-4.324033039674983,0.0020045214057781667,-0.0027945471528850454,-0.31191714871379184,47.79152823630164,141.08462952510766,4.344684385118331,3.364573561213782,1.763859285631562,73.34820800251869,47.18301680784391,0.14536821593366037,0.0870927374043821,1.2913031342821855,1834.8358766625809,-0.0007900257471068787,0.004799068558663212
zigzag_0444,medium,-1.5471078583184084,0.536685338595936,0.015533775902478534,0.5509516955930823,55.0583052864499,10,-2.9481944250826797,0.0009014787046914131,-0.0007282433856524106,-0.21895113429450042,153.25803546691247,107.52885448394527,19.15725443336406,13.318310822406234,10.10178081410944,0.46237798733435914,27.282349529621108,0.5168523497526712,0.21286271356739608,1.438414727574506,1088.8340627446814,0.00017323531903900256,0.0016297220903438237
zigzag_0445,local,-4.457359241692615,-0.26975547477715783,0.2659501605717774,0.7560710307190692,68.65517620554587,10,-3.453903179059085,0.0022333224108278768,0.002862424343189172,-0.3832374160952423,23.897573074553243,37.55678072068276,2.9871966343191554,8.03198012090555,4.547626180959821,26.583926067452147,97.70978150892552,0.03236710349603023,0.011592937045558319,0.37191285204306135,376.51669313933957,0.005095746754017048,-0.0006291019323612953
zigzag_0446,medium,-1.8991793939795718,0.10438997911910843,0.8668110208096831,0.2640758725537418,174.44627357672547,6,-3.5700985697820027,0.0004227148630467448,-0.0006533736027228496,-0.796683447899674,103.53808950940659,111.92971585060653,25.884522377351647,7.150881939182221,13.021144167458456,57.34219391797826,23.18137251877571,0.20314068030206706,0.14969140650513754,3.619766428462643,683.394323331455,-0.00023065873967610478,0.0010760884657695943
zigzag_0447,medium,-3.3264386973249405,1.0568833605910721,0.9635979766667016,0.6691114236547502,165.32229910432326,10,-5.405418739873163,0.0007463785597739401,0.0023103896257897025,-0.19395720679670836,81.6593722624085,34.05561061711399,10.207421532801062,1.1410119306612365,16.68494777652782,79.48889065141962,83.56261089058845,0.06327124719038893,0.0359208023979393,8.945937600219201,352.5307501111632,0.0030567681855636426,-0.0015640110660157624
zigzag_0448,medium,-2.056471633409563,0.336661968302839,0.5220915375686794,0.24705355598457757,72.85685512898415,13,-5.38017234620618,0.0015211754042468413,0.0028202436078102622,-0.1250447458455155,107.49339829419432,92.11971885053963,9.77212711765403,1.1701850758796748,6.055332140843169,34.67344807640592,21.42770422710006,0.205560989965976,0.1279044685187945,8.35092441279678,1203.2418839249501,0.004341419012057104,-0.001299068203563421
zigzag_0449,medium,-3.0294791786822017,0.07372107594257599,0.22542913816100332,0.8456130160971748,47.3637962502095,4,-4.977376060994478,0.0024017189568276386,0.0014713611920555642,-0.10367088993232199,57.942736183042975,64.58974787056712,28.971368091521487,1.7505993342607022,24.158351070691623,18.57115744170667,91.30524091559315,0.1024125346599396,0.04834080849445011,16.54939969673667,270.75881201406816,0.0038730801488832027,0.0009303577647720744
zigzag_0450,near_full,-0.3779614913384084,-0.17909503823617212,0.40292298081180683,0.9033678149858563,175.28906878642766,12,-3.5006266980237433,-0.0012700152328586106,0.001480569851364878,0.7917453920200737,192.25180597527853,275.95080229153564,19.225180597527853,7.665330036488421,3.985292671076776,6.3390314122899944,2.585020020476546,0.8596706786970495,0.685256888483409,2.5080695163825113,3318.098503835721,0.00021055461850626742,-0.0027505850842234887
zigzag_0451,medium,-3.7071112461851743,-0.35078309717737993,0.38732863161761494,0.9917297394627923,144.14464916580718,9,-4.750168572072091,0.0013005352675769313,-0.0009720262124379522,-0.4783451772733239,33.394362400683654,56.911176722795915,4.770623200097665,2.197160170530375,4.791660495961698,36.89904754637081,117.04661131908368,0.05636573263032675,0.024548335040021064,2.171267832033419,513.5977944156948,0.00032850905513897915,0.0022725614800148835
zigzag_0452,local,-6.59064950874568,-0.12576451101391115,0.21891025213574647,0.14629653131854498,154.47840881092472,3,-3.765483443358363,-0.0003608185190635807,-0.0003867899809813181,0.07206199786303069,8.838589076132914,12.027712050965647,8.838589076132914,5.881729337341392,36.31038302849035,25.503016142213617,20.649451218087833,0.006104340140772259,0.001373147802412543,1.5027194502166696,38.98145887469262,-0.0007476085000448988,2.5971461917737417e-05
zigzag_0453,medium,-1.6107701184778573,0.08519023408239638,0.5809741535901529,0.8916193296722378,81.45443542149704,7,-3.520809320696762,0.002390792641670069,-0.0001976339708914085,-0.6687869895194558,118.45632471373663,130.53947187869204,23.691264942747328,7.512174313594001,10.286497603873181,28.689259669305173,71.20297950777288,0.2909155298944666,0.199733736189757,3.1537160818906593,924.4383816369412,0.0021931586707786607,0.0025884266125614777
zigzag_0454,local,-7.0597270477863745,0.8112533155309429,0.08243308505435204,0.9969253177824569,86.89770156432883,7,-4.103131669859392,9.15148939859339e-05,0.00036249277361940146,0.027029146312488095,11.16850095043209,5.954609599106428,2.233700190086418,4.19629753474736,20.562132172030385,10.016957042791269,144.0100308000435,0.0022512816805988194,0.0008590125313497451,0.5323026242992321,43.70811541213926,0.00045400766760533536,-0.00027097787963346756
zigzag_0455,local,-3.870969590908625,-0.5794510854205301,0.19114156886652184,0.06679262750963738,108.13204978901213,11,-4.559014669576455,-0.000402330582755316,-0.0021343000309737123,0.17285542828382194,27.4433513419766,58.78557907911683,3.0492612602196223,2.659982642621572,2.96932283698952,17.79884616482242,8.585163274258706,0.04177733698940154,0.020838155141227915,1.146346299919609,647.352647504468,-0.0025366306137290283,0.0017319694482183963
zigzag_0456,local,-6.2083504337416064,-0.8315998819243579,0.04593665099974787,0.6560489768453713,98.20971918446841,12,-4.570234023942196,0.00025845493068633375,-0.00268947224978786,-0.6754463111566743,7.518443304748938,20.723753364134875,0.7518443304748937,2.630306141628556,2.0777424691249706,5.269762179499722,95.59301747909755,0.004245153779891883,0.0020125545695363436,0.2858390962845826,248.82137764617465,-0.002431017319101526,0.002947927180474194
zigzag_0457,local,-5.50898611899343,-0.4650394742721103,0.20943125576331512,0.9933450637837277,3.131304559244029,5,-2.852008982997836,-0.0013212307050978068,-0.00022779248380514882,-0.5624429845659928,12.811221549091112,24.475741922782824,4.270407183030371,14.662970234517905,9.897061253700272,23.501213207312745,131.2303010504312,0.015500365651580732,0.0040502117349591315,0.2912375265536215,123.48795063609654,-0.0015490231889029556,-0.001093438221292658
zigzag_0458,near_full,-0.050611238205382436,-0.00991447654151307,0.45439617257631365,0.2407884749356023,0.06659849417863041,12,-4.294878504552874,0.0006968179362612141,-0.0026858007684260245,0.7864619189555246,246.42838149011249,298.66048990776113,24.642838149011247,3.464110059143979,4.716859129329261,0.8534693581942365,0.2871569202083868,0.9775011076427657,0.9506481743936082,7.11375727914972,3594.075185685303,-0.0019889828321648104,0.0033826187046872387
zigzag_0459,near_full,-0.49125700959443186,0.28977503763737045,0.6787311264014394,0.09068858550803227,82.97998583737908,8,-3.5961842792679724,0.0006239483104544812,-0.0007163715574358734,-0.44268744722259923,229.65846741318984,206.2604726058671,38.27641123553164,6.966758052153134,10.512968745074883,4.565085702196213,1.9901084913332656,0.8106736222929117,0.6118568007236405,5.494149638755145,1671.212640504914,-9.242324698139227e-05,0.0013403198678903546
zigzag_0460,medium,-2.1853549128996876,-0.868179757718359,0.10285629554316175,0.8367008414580595,130.98608199438127,7,-3.3003636657439737,0.0013369971774261392,-9.911832459788984e-05,0.2149257318154505,55.17814393716263,157.7589517462597,11.035628787432525,9.364918200626999,4.0014631042635855,4.397680536621219,61.274098649817205,0.3445852937131768,0.11243782093887576,1.1784009802342608,1106.2402308428464,0.0012378788528282494,0.001436115502024029
zigzag_0461,local,-4.514344709876265,-0.5544214289647843,0.6251952926775156,0.45517882048238095,30.148995914306862,10,-3.3487502339649535,-0.00017301168657290512,0.002771728252572738,-0.43070081504475666,20.144900865786383,42.085117867338866,2.518112608223298,8.92257010142599,3.4241419802301327,63.53424645273262,56.00824479729325,0.038486468396787675,0.01095077871332275,0.28221830477082577,421.4533132363394,0.002598716565999833,-0.0029447399391456432
zigzag_0462,local,-4.09115709691245,0.9406833835038267,0.953036810300777,0.7318210726921607,125.03323693395066,13,-3.9799243891501646,-0.001494260841858418,-0.0009533970348638361,0.021160683431182603,52.567465949611204,24.624344898664194,4.778860540873746,4.746511265967135,10.982898142302423,93.89766757207182,88.18803670977019,0.046924898939812755,0.016719875844648516,1.0068153793584262,325.17023705425476,-0.002447657876722254,-0.0005408638069945818
zigzag_0463,medium,-3.8450991880646934,-0.3742599236484637,0.7882678590115009,0.4357171791016798,45.91155447399482,3,-2.8885832001250944,0.0013679135214020024,-0.0029217183098657912,-0.29986920580148435,30.804312954364256,53.74422350748847,30.804312954364256,14.136372232300566,29.81982945405504,68.5695862573857,49.0816801501379,0.08218430755865616,0.021384280390574623,2.1790819064581988,169.4347726284731,-0.0015538047884637888,0.004289631831267794
zigzag_0464,near_full,-0.3670214407281388,0.08690854682402543,0.23479461958562997,0.5371237295412079,173.9882559620432,7,-4.10791368835646,0.0021080964746230182,0.0007861159251326185,-0.5817438259781413,220.80452769693113,242.90995765357053,44.16090553938622,4.176278665766656,10.303809573395895,0.5140328858397446,9.53659620462335,0.8682676484835112,0.6927947908603832,10.574223866184331,1720.2776211978494,0.0028942123997556368,0.0013219805494903997
zigzag_0465,local,-5.224690894042075,0.34820469750703564,0.8136013009404068,0.6148569554013403,179.1220105614526,5,-3.459188075147369,-0.00042745564674293284,6.089179632179972e-05,0.72695142179826,22.177786254345023,18.78780573070183,7.3925954181150075,7.9896439103580885,21.478565206484415,90.88975886453491,85.33090350481466,0.010756199898127896,0.005382023318293959,0.9252722024984061,98.14531511524984,-0.0003665638504211331,-0.0004883474430647326
zigzag_0466,near_full,-0.32836169705305085,0.30902936623473726,0.3238054170964957,0.4873569765111568,88.01863861188936,5,-3.4159829421169214,0.001525375239567769,-3.118951290115605e-05,0.7695894976593045,251.5566220584161,221.61913317061703,83.85220735280537,8.342403171318661,20.724726416216242,2.459318610635837,9.041832125629782,0.8257393093214337,0.7201025136389254,10.051325215387676,1154.0941559469275,0.001494185726666613,0.0015565647524689251
zigzag_0467,near_full,-0.4455272171684308,0.16834271320031063,0.8527754584721472,0.24708042853099663,93.29666092858592,9,-2.901980874118302,0.0011832408813353648,-0.0019216067190520637,-0.20692735211191793,221.12806537861675,224.24088614701176,31.58972362551668,13.948240801561704,8.01872163283338,1.1456074058248467,6.969575304433589,0.8062899847443497,0.6404865115174966,2.2647819230350366,2033.6670602897038,-0.0007383658377166989,0.0031048476003874286
zigzag_0468,medium,-2.9515970727406935,1.3855583105176947,0.5187731998606309,0.1410865748322018,128.67290149830126,7,-4.772817131645722,0.0023168253455144675,-0.0009483355576064998,-0.21815698894746294,116.0840950648257,34.85087108582658,23.21681901296514,2.147956951775243,33.670606008650864,39.228067469942225,13.359034369176806,0.15321670478400362,0.052256182345194434,10.808791579261824,279.0820122857259,0.0013684897879079677,0.0032651609031209674
zigzag_0469,near_full,-0.5224699704064625,-0.1296058906115078,0.16176686761293627,0.9091141249113074,11.20715076511256,10,-2.978537901928658,-0.0002492322195582872,0.0004510330915446694,0.7418014320307365,183.33156361625143,250.44110520365143,22.91644545203143,12.920256680771358,5.228252210550208,0.8334599862723766,3.7809280329831534,0.9332488988133509,0.5930539118302377,1.773683450587863,2512.781383193571,0.00020180087198638222,-0.0007002653111029566
zigzag_0470,near_full,-0.4502933867130421,0.3785121531369778,0.6761589971605211,0.9267531409690024,80.37979492333942,7,-3.1136760164496375,0.0012279749191640372,0.0005925293912418025,0.4978009269851478,245.0454369357908,201.39195898417356,49.00908738715816,11.28707482849143,13.67717713711932,0.49848423335577546,7.65965468502988,0.9402772958965847,0.6374411074337072,4.342053909614104,1439.1310098010638,0.0018205043104058396,0.0006354455279222347
zigzag_0471,near_full,-0.4650895106658609,0.35122271983310355,0.8951180604770892,0.23126318527713616,99.60870819568427,8,-4.182213803238214,0.0022321149149024714,-0.0019837045362587537,-0.7178314929072868,239.94287438213613,202.65392242774342,39.99047906368936,3.8772279940434045,11.162973747053401,4.327103860626117,3.4604646959170826,0.8674888810484023,0.6280788829144088,10.314193316752801,1644.6797119233802,0.00024841037864371763,0.0042158194511612256
zigzag_0472,medium,-2.8114328192492684,1.2683869240876409,0.8930902084773281,0.15324674416182724,161.89983740531346,4,-2.8374434110188016,0.0021592896759025865,0.0014639808129803724,0.38930785534583867,117.42634893033159,39.636323270448784,58.71317446516579,14.87810778005304,55.97734470027246,49.70321784089368,16.234882735720557,0.17126573592201996,0.060118791290418146,3.946279683756699,220.9522142728259,0.003623270488882959,0.0006953088629222141
zigzag_0473,medium,-1.3705757618797842,-0.6859206355210725,0.4266979986353463,0.5595028566786696,111.88082488346161,9,-3.1372061661602393,-0.0013209997105133116,-0.0026101807038550603,0.005085937339626034,90.83876014063675,216.44322235210248,12.976965734376678,11.024588549445212,3.431090925198527,1.057482241370389,35.1095610653586,0.5767666257202535,0.25396069656246956,1.1770929750507302,1950.7097008673888,-0.003931180414368372,0.0012891809933417487
zigzag_0474,medium,-3.5710973732511753,-0.17367674073103495,0.6363223736431924,0.48249435573182314,107.37011893811295,6,-3.40332417499923,-0.0010807798517468146,0.0018059323203260163,0.11591533818150879,39.054074445162165,55.753796548845486,9.763518611290541,8.448678951269642,9.932830570583862,56.805702622119924,57.9708160835688,0.06286814290659329,0.028124973146442182,1.1556266568542422,337.9165019430125,0.0007251524685792017,-0.002886712172072831
zigzag_0475,local,-4.55419603297873,1.2273608800972984,0.8319490367542135,0.9195896162792171,88.39059985728976,13,-5.297927386410664,-0.0003759027380083235,0.0022924914554475683,0.5110258804810635,48.13052978247442,16.92644796989357,4.375502707497674,1.2704953713606806,14.493735554861761,97.51390120858493,117.20509437242127,0.01261649335793528,0.010522956942547405,3.4439343945122594,226.16412661371544,0.0019165887174392448,-0.002668394193455892
zigzag_0476,medium,-2.4243609362765026,0.24460694268422425,0.4154193613703456,0.480812838264573,104.02614595911949,10,-2.996488197149622,0.002055547982838327,-0.0006483150712086583,-0.5255521492621927,85.40949439687392,80.25201609166504,10.67618679960924,12.69040339794143,7.57774971608343,29.09029957922557,44.97979374703548,0.1732350057170173,0.08853468026947968,0.8412803332430767,808.1763963357995,0.0014072329116296685,0.002703863054046985
zigzag_0477,medium,-2.8072980170055697,1.2658464631604631,0.7097256387369584,0.1001591557628514,74.58984159190761,4,-4.408314159508453,-0.0005083623052732065,-0.00019500997061871854,-0.4527088298804881,117.51999509123218,39.76883573080012,58.75999754561609,3.0926245752916657,55.90981178713688,64.09867473047923,8.87080391393441,0.1209895398383713,0.06036788522572757,19.000042234377712,221.4432401605653,-0.000703372275891925,-0.00031335233465448796
zigzag_0478,local,-5.396022453234275,0.42783848761391785,0.829659388534952,0.8113705565639899,175.06789837928187,3,-5.01299812152337,-0.000289393225458676,0.0016114336629144861,-0.08324707366711093,21.18391747690919,16.572179462030633,21.18391747690919,1.6893370020699232,51.96392655297873,95.26207269367264,115.4740829597889,0.006343126987130971,0.0045345816300889985,12.539781849893068,60.040371487083476,0.00132204043745581,-0.0019008268883731621
zigzag_0479,local,-6.482535902640544,-1.2520922667881955,0.23298960637582963,0.48335834771025327,76.30945587563053,11,-5.131908717199545,-0.0014056025068283206,0.0028783569617058967,-0.6842962405569333,5.312275010049332,22.296595661352633,0.5902527788943702,1.4999406637398687,1.5164241530369835,26.70844503292591,70.70305374449192,0.003913696971498447,0.0015299260124229902,0.39351741916421334,245.33285529257492,0.001472754454877576,-0.004283959468534217
zigzag_0480,local,-5.6829738559907526,0.8542690106943261,0.6973586928256991,0.33017462896554567,56.415827228481795,8,-4.278545296023058,-0.001276528893867469,-0.0006136849312444494,-0.6827807347415773,22.71400840192989,11.600339796325237,3.7856680669883147,3.5211546838239145,18.073634630762474,79.11199437476525,45.32959854364985,0.010582191624707395,0.0034034220916642523,1.075121205092059,96.41522718894717,-0.0018902138251119184,-0.0006628439626230197
zigzag_0481,medium,-1.1207571986226426,-0.13410828445713777,0.971287214425524,0.021823026211820754,100.63073204608767,9,-2.9709835567142497,0.0025561265074327505,-0.0005418509569443653,0.2223341618022776,135.62605803969646,186.10878470080428,19.375151148528065,13.01823035755406,5.943457904350421,14.991337892467945,1.3309023444017958,0.526930343085808,0.3260328295245708,1.4883091339127588,1682.019819749764,0.002014275550488385,0.0030979774643771158
zigzag_0482,medium,-2.44693592125818,0.43613122920070496,0.15793615550838652,0.7392071944056575,172.3786135706241,12,-5.482493152159639,0.0029821140429373096,0.0016108952713352956,-0.030503234323433825,92.93793650703356,72.10491769716582,9.293793650703355,1.056372759406058,7.344511053296508,11.934675431930966,81.24585066100363,0.11291462516997065,0.08655840234443234,8.797835392810358,871.2238487762547,0.004593009314272605,0.001371218771602014
zigzag_0483,local,-4.858693000903202,-0.006411499521915727,0.7970208539195219,0.19648797306580898,139.26338421977206,9,-2.790924716694536,-0.0003045917793456064,0.0015622190849306893,-0.4938996588543683,22.30435647045888,26.937384310632616,3.1863366386369827,15.58656850820049,6.745987448266501,78.72134572531778,24.349958164649134,0.04153165859855138,0.007760620389336187,0.20442836003066167,243.75103180073268,0.001257627305585083,-0.0018668108642762957
zigzag_0484,medium,-1.4554969815663958,-0.8895158027280641,0.09699539684649455,0.5741516050803758,61.75836908454982,14,-4.596304128501062,0.000563706028843466,0.0027417700362759416,0.5558199793774015,78.63586356869868,229.67499270455642,6.552988630724891,2.5626199125662548,1.6342952982610441,0.53277597731992,35.41787625306486,0.5694837222202281,0.233284397041785,2.557144193952121,3216.5714720640885,0.0033054760651194076,-0.0021780640074324756
zigzag_0485,medium,-3.218541409262194,-0.09903384495741069,0.28287052213628194,0.5600223894035139,41.300831151304635,12,-4.402512531276653,0.0028073703807202292,0.0013610213011685515,0.11864421599814734,48.353888367101256,64.06524656734773,4.835388836710126,3.110618981292357,4.31627285878708,24.18544927725425,61.7051158302275,0.09051966714017752,0.040013378861165565,1.5544780205453468,770.6051465598124,0.00416839168188878,0.0014463490795516777
zigzag_0486,local,-4.7047777574068395,-1.3439472570855522,0.7439370970702848,0.3475511595414524,130.03688624762538,13,-4.0420149136508465,-0.0011391973934082162,-0.0020259506377822297,-0.690551827937856,12.3415517451387,56.783203766008306,1.1219592495580637,4.460760884414077,1.1319397632286041,73.01785468352705,43.88503822892075,0.0389493005630071,0.009051925717818656,0.25151746050280244,738.3035632393207,-0.0031651480311904456,0.0008867532443740135
zigzag_0487,medium,-0.7024735135921909,-0.02575755709120833,0.5917520144699985,0.3672937239215227,83.29279994504782,11,-3.4459133691076835,0.0020436973550017525,-0.00209427012803729,0.45885309899142057,176.48197238179367,217.3041196775575,19.609108042421518,8.096411168761648,5.156296039116129,2.5398536020569753,17.475669593466108,0.664553412640204,0.4953585111624078,2.4219506190692566,2398.2918700124737,-5.057277303553752e-05,0.004137967483039042
zigzag_0488,near_full,-0.26527738418857366,-0.117226564612187,0.5343795994694989,0.5647875563472784,179.04805350285307,14,-4.5256509826758995,-0.0006042285622076674,0.0009193488293147006,-0.33343886688470303,209.78481032831846,283.0519399016057,17.48206752735987,2.750226534156415,3.534255768263964,9.818163506990144,4.378870632611763,0.8118169010260302,0.7669931686883995,6.356591833524069,3969.1994360374833,0.0003151202671070332,-0.001523577391522368
zigzag_0489,local,-5.707209925395862,0.7631938634436585,0.38187161523739965,0.6742794624094686,39.8253792886554,14,-5.248574646307734,-0.0005551333600578053,0.0029454516218338717,0.08156509779862975,21.441455821990516,11.994568584805753,1.7867879851658763,1.3347708386969714,8.47284040343667,43.52784326781999,94.3910452861206,0.008346002824689345,0.0033219280542158515,1.3386477538797392,169.51222573254051,0.0023903182617760663,-0.003500584981891677
zigzag_0490,local,-6.280983946386455,-0.0011403233430135617,0.11282320410897327,0.6886031337339448,78.88674652467954,3,-2.6841933892181182,0.00046213477586136724,0.0021306962512313626,0.6045694010703686,10.982159935293575,13.193628349914702,10.982159935293575,17.342166013080394,39.77344208372086,12.330297107744173,93.34740801853944,0.015409586970114146,0.001871558175046845,0.6332634531932309,43.55349291747596,0.00259283102709273,-0.0016685614753699954
zigzag_0491,near_full,-0.40743116405274865,-0.20613721417932526,0.48934026942904163,0.9745237446034289,5.942775726944809,5,-3.515632116781396,-0.000906468644274312,0.001173002465287707,0.06976561684460714,186.8955823793285,275.6160706318503,62.29852745977616,7.55116722188669,12.73674520338281,7.653401625851068,1.4727444562960887,0.8681533664029167,0.6653572503182904,8.250185120944868,1398.9395932940445,0.0002665338210133951,-0.002079471109562019
zigzag_0492,medium,-1.7673012572142426,-1.329448018140602,0.2531108967554721,0.19406750024950992,120.51057947680937,7,-4.957127426148656,0.0015816332989370555,-0.0016389361566528783,0.44798056389345264,53.99868148604665,244.8704277393721,10.799736297209328,1.7864078947015356,2.525329727692482,1.6672983301172595,12.761114405051122,0.5390413309519054,0.17079329459423961,6.0455041254806465,1715.2831913993796,-5.7302857715822806e-05,0.003220569455589934
zigzag_0493,local,-4.1185264618451844,0.17459943363170255,0.057188660499464194,0.5657076143428574,116.9152584083118,7,-3.168325408616825,0.0004566677362631325,-0.0004869013521291545,0.3628211542141966,35.35255803867116,35.626611621864015,7.0705116077342325,10.686794906243616,11.225149539000412,5.486184420614623,68.67208918258905,0.049775411531771334,0.01626846899842861,0.6616119865464417,252.8604636039516,-3.0233615866021978e-05,0.000943569088392287
zigzag_0494,near_full,-0.5017715559740462,-0.015210561612810335,0.8381022126796325,0.0024030592529616177,7.168230482359651,7,-3.1711882913469855,0.0024599863169507733,-0.002702301581188383,0.33567902711658015,196.1428476323709,238.97891508351188,39.228569526474175,10.656243618908988,9.322010142689653,7.403372300351314,0.03762102954904477,0.8348638436854289,0.605457107908304,3.6812755910408224,1688.8438954265284,-0.00024231526423760955,0.005162287898139157
zigzag_0495,medium,-3.22995106564888,1.1640115235910717,0.4717694486788507,0.13896906297204212,69.21573085560338,14,-3.5808374917269337,-0.001055594113294248,0.0012257943697609403,0.14067344509387902,90.41086931806005,33.87490684362912,7.534239109838338,7.074500039884142,12.539255014370386,42.72408775308332,13.836299372850432,0.09947277888258088,0.03955943455629625,1.0649853795126596,484.1816405911858,0.0001702002564666922,-0.0022813884830551884
zigzag_0496,medium,-3.314395723310735,0.09760512945002184,0.821947208311941,0.9168149386899729,24.728479824886588,9,-2.75990711941709,-0.00039299577048226776,0.0011509654605223654,-0.47476157485628634,50.85299248818462,55.34882317616849,7.264713212597802,16.077602391083616,7.477513656525657,67.12346130671132,97.14802064349969,0.10877361848149882,0.03635601103095298,0.4518530211088375,501.4624681663724,0.0007579696900400976,-0.0015439612310046331
zigzag_0497,medium,-2.466120932947251,0.7106490436831341,0.6221304089410727,0.7921423819849248,156.46034604671203,7,-2.8342635190194696,-0.0003365976251199674,-0.0020593383223655847,0.514641504611751,105.59365902805793,62.256991077034144,21.118731805611585,14.925493857322497,18.737893995617483,35.05224550274973,73.63239142643803,0.2170188041780358,0.08491360654593676,1.4149435862888158,453.22106190149555,-0.002395935947485552,0.0017227406972456173
zigzag_0498,medium,-1.5857181210563538,-0.18107373198100873,0.7406955828479912,0.5379027690836865,164.72096826685882,9,-3.849274685952828,0.001986648355611372,0.002971597164210778,-0.022889867096285155,104.99768901137698,151.00812287991695,14.999669858768138,5.408974838344772,5.672594933734138,39.35935563440417,33.56977622393987,0.3434243251377546,0.20480066862402763,2.7731077157974475,1364.275027934789,0.004958245519822151,-0.000984948808599406
zigzag_0499,local,-3.880989946527775,0.7359552269109831,0.9604667031708012,0.2949487439277755,64.96953837408842,10,-4.886979848570006,0.0002443678567491212,0.0026851141568827053,-0.1646256267833276,52.710617572058695,30.301076413826458,6.588827196507337,1.916219852344703,12.26772879401365,96.86106879008233,35.640487372113185,0.042648793257360124,0.02063039208453373,3.4384505454555185,308.67541628497725,0.0029294820136318263,-0.0024407463001335844
